numberOfVersionsUntil:,numberOfFixesUntil:,numberOfRefactoringsUntil:,numberOfAuthorsUntil:,linesAddedUntil:,maxLinesAddedUntil:,avgLinesAddedUntil:,linesRemovedUntil:,maxLinesRemovedUntil:,avgLinesRemovedUntil:,codeChurnUntil:,maxCodeChurnUntil:,avgCodeChurnUntil:,ageWithRespectTo:,weightedAgeWithRespectTo:,cbo,dit,fanIn,fanOut,lcom,noc,numberOfAttributes,numberOfAttributesInherited,numberOfLinesOfCode,numberOfMethods,numberOfMethodsInherited,numberOfPrivateAttributes,numberOfPrivateMethods,numberOfPublicAttributes,numberOfPublicMethods,rfc,wmc,bugs
-0.2744736479470862,-0.3918398735582402,-0.4264439121407561,1.134989694623847,-0.4474087643389476,-0.49727528037811053,-0.5102950340930111,-0.33895234476110303,-0.31480856795951123,-0.21050026533620808,-0.38949065164880936,-0.47930569019144925,-0.45924826357013465,1.2622162653449376,0.040010235751692956,-0.8574651813215932,-0.48472605623537085,-0.5795963946701608,-0.7703391780631872,-0.3689905794825465,-0.2569717931141484,-0.4043810920480307,0.10548813539139608,-0.5154177373397243,-0.5753641824209667,-0.1411980277372745,-0.42763091363841726,-0.350899070369376,-0.1548124018454042,-0.5366128010525525,-0.49694513168908533,-0.4957038331212773,0
-0.5396596746813591,-0.3918398735582402,-0.4264439121407561,-0.748702571023379,-0.4851868152199187,-0.5737204560144881,-0.6467520949943809,-0.40581080067580305,-0.4415643777653124,-0.5119157011474632,-0.3759653721788475,-0.47930569019144925,-0.4275928726484875,-1.2775997858450359,-0.8431605569002235,0.4251439869969691,1.5777357908837564,0.4412836186693269,0.22997492749359774,0.33059680195100277,-0.2569717931141484,0.18208973150700794,-0.238736306412107,0.13954990688010013,0.9505297564366507,0.70794669334324,1.1418559068188603,-0.16517931849095016,-0.1548124018454042,0.8139088490191423,0.03032787203535342,0.16685752464977907,2
-0.2214364426002316,-0.10360511911031435,-0.4264439121407561,0.6640666282120404,-0.4152974210901222,-0.3889779482265756,-0.4303701431993353,-0.37795311071134474,-0.4098754253138621,-0.40426743886324207,-0.284669735756605,-0.26009938008047423,-0.24444405241361453,0.9861439819722084,0.6589565606149739,-0.8574651813215932,-0.48472605623537085,-0.5795963946701608,-0.7703391780631872,-0.376472797465793,-0.2569717931141484,-0.33107223910365086,-0.238736306412107,-0.535265241710022,-0.6651226494125911,0.21261227271293986,-0.23144506108125756,-0.350899070369376,-0.1548124018454042,-0.5366128010525525,-0.5067094465728712,-0.5136108968448193,0
-0.4866224693345045,-0.3918398735582402,-0.4264439121407561,-0.2777795046115725,-0.479520107587773,-0.5546091621053937,-0.5853463561830257,-0.39745349368646554,-0.4177976634267247,-0.39888491271824256,-0.3759653721788475,-0.47930569019144925,-0.4275928726484875,0.2812571971266486,3.4946112970435617,-0.4910054189448611,-0.48472605623537085,-0.37542039200226324,-0.4369011428775922,-0.3240972715830674,-0.2569717931141484,-0.11114568027051139,-0.238736306412107,-0.32686644582189606,-0.306088781446093,-0.3534842080074031,-0.23144506108125756,-0.350899070369376,-0.1548124018454042,-0.08643891769532092,-0.3504804084322968,-0.35244732333294077,1
-0.4335852639876499,-0.3918398735582402,-0.4264439121407561,-0.748702571023379,-0.479520107587773,-0.5609795934084252,-0.6058149357868108,-0.39745349368646554,-0.4257199015395872,-0.43656184219464944,-0.3759653721788475,-0.47930569019144925,-0.4275928726484875,-1.4671658131552858,-0.25851645877567525,0.6999888087795182,-0.48472605623537085,0.03293161333353183,0.8968509978647876,-0.24553398275897897,-0.2569717931141484,-0.257763386159271,-0.238736306412107,0.080007393769207,-0.036813380471219355,-0.5657703882775318,-0.03525920852409787,0.20626018526590148,-0.1548124018454042,-0.38655483993347534,0.17679259529214197,0.07732220603206875,1
0.20286120017460507,-0.3918398735582402,-0.4264439121407561,1.6059127610356534,-0.250962899757898,-0.1914945778326002,-0.308338109087937,0.03434070076263871,0.23974809994086865,0.28180910136021026,-0.49093024767352333,-0.454949433512452,-0.5352213062448256,1.2622162653449376,0.7548021626426142,0.05868422462023701,-0.48472605623537085,-0.37542039200226324,0.22997492749359774,-0.30165061763332784,-0.2569717931141484,-0.037836827326131556,-0.238736306412107,-0.1730482869520888,-0.21633031445446846,-0.2827221479173602,-0.6238167661955769,0.02054043338747566,-0.1548124018454042,-0.08643891769532092,-0.22354431494308005,-0.15546962237397807,0
-0.11536203190652243,-0.10360511911031435,-0.4264439121407561,1.134989694623847,-0.1187397216744992,0.318139926409917,0.2356729340203181,0.16248607459914707,0.8339159584055613,1.1961076135782809,-0.4097785708537522,-0.37376191124912794,-0.48035177837946164,1.2622162653449376,-0.17702359116608365,-0.3993904783506781,-0.48472605623537085,-0.1712443893343657,-0.3257551311490605,-0.3240972715830674,-0.2569717931141484,-0.18445453321489122,-0.238736306412107,-0.21770517178525864,-0.306088781446093,0.8494708135233258,0.1609266440330618,0.02054043338747566,-0.1548124018454042,-0.6866707621716297,-0.3700090381998686,-0.26291200471523046,0
0.6271588429494417,0.7610991442334631,2.0745920050090834,1.6059127610356534,1.4452715847977033,3.5606894596529326,1.1722823869621573,2.636248943443048,5.412969587640127,3.0657574203719156,-0.61265776290318,0.2919757713101296,-0.5721066241349337,0.9990270975339579,0.744258457679971,0.24191410580860304,-0.48472605623537085,0.23710761600142938,0.3411209392221294,0.1285769164033468,-0.2569717931141484,0.621942849173287,-0.238736306412107,1.1021538688395391,0.681254355461777,-0.3534842080074031,1.3380417593760199,-0.16517931849095016,0.2837553683954928,-0.23649687881439813,0.2451427994786433,0.5070917353970783,1
0.20286120017460507,-0.10360511911031435,-0.4264439121407561,1.6059127610356534,-0.3246300989757916,-0.4463118299538588,-0.41477472302761936,-0.29159427182152386,-0.3702642347495492,-0.3059487378559687,-0.2271872980092671,-0.38188066347546035,-0.2883093805119407,1.2622162653449376,0.8403645829486647,-0.6742353001332272,1.5777357908837564,-0.37542039200226324,-0.6591931663346555,-0.275462854691965,-0.2569717931141484,-0.4043810920480307,-0.06662408551035545,-0.4112183393956613,-0.1265718474628439,0.4956605130731114,-0.6238167661955769,-0.16517931849095016,-0.0670988477972248,0.2136770045428335,-0.4090662977350122,-0.3703543870564828,1
2.0591633873145154,1.3375686531293147,-0.4264439121407561,2.07683582744746,2.28583321689931,2.1655650042890415,0.5543441561557272,1.0316460014902473,0.9052161014213245,0.26573612324557505,2.8396698218045837,2.5571076424568715,0.4755349787821798,1.2622162653449376,1.3878526767629384,1.2496784523446163,-0.48472605623537085,0.03293161333353183,1.6748730799645093,1.9766847582652363,-0.2569717931141484,0.6952517021176668,-0.238736306412107,2.39224165290889,2.3866652283026433,-0.5657703882775318,1.1418559068188603,5.034973734104973,-0.1548124018454042,-0.38655483993347534,2.7057501501926904,2.065006279345238,2
0.7862704589900055,0.7610991442334631,4.575627922158923,0.19314356180023395,-0.062072645353042584,-0.1723832839235058,-0.2940629123006652,0.45499181922595966,1.0319719112271255,0.3836347709631475,-0.663377560915537,-0.19514936226981494,-0.5828259255261258,0.9990270975339579,0.6819814249880962,1.2496784523446163,-0.48472605623537085,0.23710761600142938,1.452581056507446,-0.03977298821969978,-0.2569717931141484,-0.037836827326131556,-0.238736306412107,1.0128400991731994,0.41197895448690336,-0.21196008782731737,-0.42763091363841726,-0.350899070369376,-0.1548124018454042,-0.08643891769532092,0.6454797097138653,0.686162372632499,0
-0.168399237253377,-0.10360511911031435,-0.4264439121407561,-0.748702571023379,0.3629304270578821,0.6939953732887735,1.6508459655304937,-0.3835246487042364,-0.4098754253138621,-0.43656184219464944,1.115196689384447,1.1363260028487001,2.1899109554332967,-0.19726036418341153,-0.5703762536569682,1.5245232741271653,-0.48472605623537085,1.2579876293409171,1.119143021321851,-0.21186400183436965,-0.2569717931141484,-0.33107223910365086,-0.238736306412107,0.2735205613796097,0.052945086520405193,-0.5657703882775318,-0.6238167661955769,-0.350899070369376,-0.1548124018454042,0.6638508879000651,0.17679259529214197,0.11313633347915289,2
0.3619728162151688,0.18462963533761148,-0.4264439121407561,-0.748702571023379,2.0761650345099203,3.0701662493195094,2.4371792007372632,-0.0158031411733863,-0.02960799589645873,0.07417003593855276,3.7357195866895565,4.164620583270689,2.780153913897758,-0.19726036418341153,-0.5455792323406786,1.5245232741271653,-0.48472605623537085,0.849635624005122,1.3414350447789143,1.4753761533877197,-0.2569717931141484,0.3287074373957676,-0.238736306412107,1.3849808061162812,2.027631360336145,-0.5657703882775318,1.5342276119331797,2.2491774559285855,-0.1548124018454042,1.8643145768526828,1.3875676408815938,1.5457014313625181,1
-0.2214364426002316,-0.10360511911031435,-0.4264439121407561,1.134989694623847,-0.4398531541627534,-0.47179355516598465,-0.506396179050082,-0.16902043597790717,-0.10090813891222186,0.4030986727306592,-0.5822258840957658,-0.47930569019144925,-0.8413740505897992,1.2622162653449376,-0.08294475594558902,-0.7658502407274101,-0.48472605623537085,-0.37542039200226324,-0.7703391780631872,-0.17445291191813705,-0.2569717931141484,-0.4776899449924105,-0.238736306412107,-0.41618021548823575,0.14270355351202973,0.07108815253285412,-0.6238167661955769,-0.350899070369376,-0.1548124018454042,0.8139088490191423,-0.3211874637809391,-0.3703543870564828,0
-0.2214364426002316,-0.3918398735582402,-0.4264439121407561,-0.748702571023379,-0.43418644653060773,-0.47816398646901614,-0.4888517407284938,-0.3528811897433322,-0.3306530441852364,-0.3073834753304303,-0.3489148132389238,-0.41435567238078996,-0.3733263796786635,0.27021636709022934,1.3724668329407115,-0.03293071597394601,-0.48472605623537085,0.4412836186693269,-0.3257551311490605,0.25951573111016085,-0.2569717931141484,0.6952517021176668,-0.238736306412107,0.22886367654643983,0.8607712894450261,0.21261227271293986,1.926599317047499,0.02054043338747566,0.10832826029913402,1.7142566157336054,0.11820670598942655,0.27429990699103146,0
0.3619728162151688,0.7610991442334631,-0.4264439121407561,1.6059127610356534,-0.11496191658640209,-0.2615693221659463,-0.20099146209907034,0.0036972418017345372,-0.14051932947653473,0.10347439814671251,-0.2102806986718148,-0.31693064566480106,-0.2983335298660694,1.2622162653449376,0.4996361178906146,-0.3993904783506781,-0.48472605623537085,-0.1712443893343657,-0.4369011428775922,-0.24553398275897897,-0.2569717931141484,-0.33107223910365086,-0.238736306412107,-0.09365826947089796,-0.036813380471219355,-0.424246268097446,-0.23144506108125756,-0.350899070369376,-0.1548124018454042,-0.38655483993347534,0.03032787203535342,-0.04802724003272569,1
-0.5396596746813591,-0.3918398735582402,-0.4264439121407561,-0.748702571023379,-0.4851868152199187,-0.5737204560144881,-0.6467520949943809,-0.40581080067580305,-0.4415643777653124,-0.5119157011474632,-0.3759653721788475,-0.47930569019144925,-0.4275928726484875,-0.7217848194760351,-0.8431605569002235,-0.7658502407274101,-0.48472605623537085,-0.37542039200226324,-0.7703391780631872,-0.38021390645741626,-0.2569717931141484,-0.4776899449924105,-0.238736306412107,-0.5650364982654685,-0.7548811164042157,-0.5657703882775318,-0.6238167661955769,-0.350899070369376,-0.1548124018454042,-0.6866707621716297,-0.5164737614566571,-0.5494250242919034,0
-0.4866224693345045,-0.3918398735582402,-0.4264439121407561,-0.748702571023379,-0.48329791267587013,-0.5673500247114567,-0.6262835153905958,-0.4030250316793572,-0.4336421396524498,-0.4742387716710563,-0.3759653721788475,-0.47930569019144925,-0.4275928726484875,-0.21749973873091988,-0.6164325703472396,0.4251439869969691,-0.48472605623537085,0.03293161333353183,0.45226695095066105,-0.21186400183436965,3.023197566048805,-0.037836827326131556,-0.238736306412107,-0.09862014556347239,0.052945086520405193,-0.5657703882775318,-0.03525920852409787,-0.16517931849095016,-0.1548124018454042,0.3637349656619107,0.17679259529214197,-0.15546962237397807,0
-0.5396596746813591,-0.3918398735582402,-0.4264439121407561,-0.748702571023379,-0.4851868152199187,-0.5737204560144881,-0.6467520949943809,-0.40581080067580305,-0.4415643777653124,-0.5119157011474632,-0.3759653721788475,-0.47930569019144925,-0.4275928726484875,-0.7217848194760351,-0.8431605569002235,-0.7658502407274101,-0.48472605623537085,-0.37542039200226324,-0.7703391780631872,-0.38021390645741626,-0.2569717931141484,-0.4776899449924105,-0.238736306412107,-0.5650364982654685,-0.7548811164042157,-0.5657703882775318,-0.6238167661955769,-0.350899070369376,-0.1548124018454042,-0.6866707621716297,-0.5164737614566571,-0.5494250242919034,0
-0.2214364426002316,-0.3918398735582402,-0.4264439121407561,-0.748702571023379,0.015372358952948133,0.6685136480766476,0.903010034842523,0.006483010798180372,0.35065943352094464,1.0812834033059835,0.01964905231753677,0.2919757713101296,0.3660532812509659,-0.21198576527049115,0.3673202566354733,-0.3993904783506781,-0.48472605623537085,-0.1712443893343657,-0.4369011428775922,-0.3240972715830674,-0.2569717931141484,0.25539858445138774,-0.238736306412107,0.0006173762880161554,-0.306088781446093,-0.5657703882775318,1.3380417593760199,0.20626018526590148,-0.1548124018454042,-0.38655483993347534,-0.17472274052415054,0.059415142308526694,1
-0.5396596746813591,-0.3918398735582402,-0.4264439121407561,-0.748702571023379,-0.4851868152199187,-0.5737204560144881,-0.6467520949943809,-0.40581080067580305,-0.4415643777653124,-0.5119157011474632,-0.3759653721788475,-0.47930569019144925,-0.4275928726484875,-0.7217848194760351,-0.8431605569002235,-0.6742353001332272,-0.48472605623537085,-0.5795963946701608,-0.5480471546061239,-0.38021390645741626,-0.2569717931141484,-0.4776899449924105,-0.238736306412107,-0.5451889938951708,-0.7548811164042157,-0.49500832818748886,-0.6238167661955769,-0.350899070369376,-0.1548124018454042,-0.6866707621716297,-0.49694513168908533,-0.5315179605683614,0
-0.5396596746813591,-0.3918398735582402,-0.4264439121407561,-0.748702571023379,-0.4851868152199187,-0.5737204560144881,-0.6467520949943809,-0.40581080067580305,-0.4415643777653124,-0.5119157011474632,-0.3759653721788475,-0.47930569019144925,-0.4275928726484875,-1.6512101371357701,-0.8431605569002235,-0.3993904783506781,-0.48472605623537085,0.4412836186693269,-0.7703391780631872,-0.34280281654118366,-0.2569717931141484,-0.037836827326131556,-0.238736306412107,-0.4757227285991289,-0.39584724843771757,-0.5657703882775318,0.1609266440330618,-0.350899070369376,-0.1548124018454042,-0.08643891769532092,-0.4774165019215135,-0.4598897056741932,0
-0.38054805864079533,-0.3918398735582402,-0.4264439121407561,-0.2777795046115725,-0.479520107587773,-0.5546091621053937,-0.6160492255887033,-0.2693081198499572,-0.0929859007993593,0.4111690710245056,-0.5315060860834089,-0.47930569019144925,-0.9736480930192905,0.48554476058930973,-0.7062681707105728,-0.7658502407274101,1.5777357908837564,-0.37542039200226324,-0.7703391780631872,-0.38021390645741626,-0.2569717931141484,-0.4043810920480307,-0.238736306412107,-0.5451889938951708,-0.7548811164042157,-0.21196008782731737,-0.6238167661955769,-0.350899070369376,-0.0670988477972248,-0.6866707621716297,-0.5164737614566571,-0.5315179605683614,0
-0.4335852639876499,-0.3918398735582402,-0.4264439121407561,-0.748702571023379,-0.012961179207780178,0.22258345686444503,2.7646764743978243,-0.40581080067580305,-0.4415643777653124,-0.5119157011474632,0.4693645946937685,0.5355383381001019,3.529327431327707,-0.20461662316917043,-0.8367437197470711,0.6083738681853351,-0.48472605623537085,-0.5795963946701608,1.0079970095933193,-0.13330071301028124,-0.2569717931141484,-0.33107223910365086,-0.238736306412107,-0.16312453476693994,0.23246202050365428,0.141850212622897,-0.42763091363841726,0.02054043338747566,-0.0670988477972248,0.6638508879000651,-0.008729387499790192,-0.22709787726814631,1
-0.2214364426002316,0.4728643897855373,-0.4264439121407561,0.19314356180023395,-0.4644088872353846,-0.5482387308023622,-0.582422214900829,-0.36959580372200723,-0.4098754253138621,-0.37197303553183464,-0.38272801191382844,-0.47930569019144925,-0.44115944840788085,0.9806300085117796,1.2965587451537068,-0.6742353001332272,-0.48472605623537085,-0.37542039200226324,-0.6591931663346555,-0.376472797465793,-0.2569717931141484,-0.4776899449924105,-0.238736306412107,-0.3318283219144705,-0.6651226494125911,-0.5657703882775318,-0.6238167661955769,-0.16517931849095016,-0.1548124018454042,-0.6866707621716297,-0.3504804084322968,-0.40616851450356695,0
-0.4335852639876499,-0.3918398735582402,-0.4264439121407561,-0.748702571023379,-0.4606310821472875,-0.503645711681142,-0.46935787488544095,-0.3946677246900197,-0.4257199015395872,-0.411444140389908,-0.34553349337143335,-0.40623692015445756,-0.2851436847256693,-1.4671658131552858,-0.30414695472022435,0.24191410580860304,1.5777357908837564,0.23710761600142938,0.3411209392221294,0.33059680195100277,-0.2569717931141484,-0.257763386159271,5.0967425415421905,0.050236137213760426,0.9505297564366507,0.8494708135233258,-0.23144506108125756,-0.16517931849095016,-0.0670988477972248,1.264082732376374,0.12797102087321244,0.3817422893322838,0
-0.5396596746813591,-0.3918398735582402,-0.4264439121407561,-0.748702571023379,-0.4851868152199187,-0.5737204560144881,-0.6467520949943809,-0.40581080067580305,-0.4415643777653124,-0.5119157011474632,-0.3759653721788475,-0.47930569019144925,-0.4275928726484875,-1.2775997858450359,-0.8431605569002235,-0.4910054189448611,-0.48472605623537085,-0.5795963946701608,-0.3257551311490605,-0.376472797465793,-0.2569717931141484,-0.4776899449924105,-0.238736306412107,-0.5253414895248731,-0.6651226494125911,-0.424246268097446,-0.6238167661955769,-0.350899070369376,-0.1548124018454042,-0.5366128010525525,-0.4481235572701558,-0.5136108968448193,0
0.14982399482775047,0.4728643897855373,2.0745920050090834,-0.2777795046115725,-0.1886291158042957,-0.18512414652956874,-0.187670510492927,-0.15787735999212385,-0.21974171060516043,-0.03288067024417259,-0.14603562118949598,-0.21138686672247975,-0.1969609897726751,0.48554476058930973,-0.4011484414725394,-0.03293071597394601,-0.48472605623537085,-0.1712443893343657,0.007682904036534425,-0.24553398275897897,-0.2569717931141484,-0.037836827326131556,-0.238736306412107,0.16932116343554668,-0.036813380471219355,0.28337433280298274,0.5532983491473812,0.02054043338747566,-0.1548124018454042,-0.23649687881439813,0.059620816686711126,0.2026716520968632,0
-0.5396596746813591,-0.3918398735582402,-0.4264439121407561,-0.748702571023379,-0.4851868152199187,-0.5737204560144881,-0.6467520949943809,-0.40581080067580305,-0.4415643777653124,-0.5119157011474632,-0.3759653721788475,-0.47930569019144925,-0.4275928726484875,-0.7217848194760351,-0.8431605569002235,-0.7658502407274101,1.5777357908837564,-0.37542039200226324,-0.7703391780631872,-0.38021390645741626,-0.2569717931141484,-0.4776899449924105,-0.238736306412107,-0.5650364982654685,-0.7548811164042157,-0.5657703882775318,-0.6238167661955769,-0.350899070369376,-0.1548124018454042,-0.6866707621716297,-0.5164737614566571,-0.5494250242919034,0
-0.5396596746813591,-0.3918398735582402,-0.4264439121407561,-0.748702571023379,-0.4851868152199187,-0.5737204560144881,-0.6467520949943809,-0.40581080067580305,-0.4415643777653124,-0.5119157011474632,-0.3759653721788475,-0.47930569019144925,-0.4275928726484875,-0.7217848194760351,-0.8431605569002235,-0.7658502407274101,-0.48472605623537085,-0.37542039200226324,-0.7703391780631872,-0.38021390645741626,-0.2569717931141484,-0.4776899449924105,-0.238736306412107,-0.5650364982654685,-0.7548811164042157,-0.5657703882775318,-0.6238167661955769,-0.350899070369376,-0.1548124018454042,-0.6866707621716297,-0.5164737614566571,-0.5494250242919034,0
-0.32751085329394075,-0.3918398735582402,-0.4264439121407561,-0.748702571023379,-0.3850749803853453,-0.39534837952960705,-0.21281820739413734,-0.35566695873977805,-0.3861087109752744,-0.2406418089173336,-0.2576191768166813,-0.30881189343846865,-0.09521143416191172,-1.4671658131552858,-0.30430865880087843,0.15029916521442002,1.5777357908837564,0.03293161333353183,0.22997492749359774,0.0687191725373747,-0.2569717931141484,-0.11114568027051139,-0.238736306412107,0.31321557012020507,0.5914958884701524,0.07108815253285412,0.35711249659022154,1.1348589446580306,-0.1548124018454042,0.0636190434237563,0.45995772692193315,0.2026716520968632,0
-0.4866224693345045,-0.3918398735582402,-0.4264439121407561,-0.748702571023379,-0.4814090101318216,-0.5609795934084252,-0.6058149357868108,-0.4002392626829114,-0.4257199015395872,-0.43656184219464944,-0.3759653721788475,-0.47930569019144925,-0.4275928726484875,0.27021636709022934,0.6883238183737475,-0.5826203595390441,-0.48472605623537085,-0.1712443893343657,-0.5480471546061239,0.33059680195100277,-0.2569717931141484,0.3287074373957676,-0.238736306412107,-0.2474764283407052,0.9505297564366507,-0.5657703882775318,1.5342276119331797,-0.350899070369376,-0.1548124018454042,2.164430499090837,-0.29189451912958136,-0.1912837498210622,0
-0.5396596746813591,-0.3918398735582402,-0.4264439121407561,-0.748702571023379,-0.4851868152199187,-0.5737204560144881,-0.6467520949943809,-0.40581080067580305,-0.4415643777653124,-0.5119157011474632,-0.3759653721788475,-0.47930569019144925,-0.4275928726484875,-0.2892844586409879,-0.8431605569002235,0.24191410580860304,3.6401976380028835,0.23710761600142938,0.11882891576506607,-0.03977298821969978,-0.2569717931141484,-0.18445453321489122,0.10548813539139608,-0.2425145522481308,0.41197895448690336,2.264712015324183,0.1609266440330618,-0.350899070369376,-0.1548124018454042,0.5137929267809879,-0.18448705540793645,0.005693951137900501,2
-0.5396596746813591,-0.3918398735582402,-0.4264439121407561,-0.748702571023379,-0.4851868152199187,-0.5737204560144881,-0.6467520949943809,-0.40581080067580305,-0.4415643777653124,-0.5119157011474632,-0.3759653721788475,-0.47930569019144925,-0.4275928726484875,-1.6512101371357701,-0.8431605569002235,-0.8574651813215932,-0.48472605623537085,-0.5795963946701608,-0.7703391780631872,-0.38021390645741626,-0.2569717931141484,-0.33107223910365086,-0.238736306412107,-0.5650364982654685,-0.8446395833958403,-0.5657703882775318,-0.6238167661955769,-0.350899070369376,-0.1548124018454042,-0.8367287232907069,-0.5262380763404431,-0.5494250242919034,0
1.3696797178054056,0.4728643897855373,2.0745920050090834,2.07683582744746,0.536709461110349,-0.27431018477200925,-0.04818532792497319,0.38813336331125964,-0.22766394871802298,0.06851246820837552,0.4896525138987113,-0.12208059223282326,-0.09906136088083908,1.1039343075532837,1.3382364746822695,0.7916037493737011,-0.48472605623537085,1.0538116266730195,0.3411209392221294,0.25951573111016085,-0.2569717931141484,2.0881199080608837,-0.238736306412107,0.6456612683226917,0.8607712894450261,-0.5657703882775318,2.1227851696046587,1.5062984484148823,-0.1548124018454042,0.5137929267809879,0.9286448413436564,0.7398835638031251,2
1.4227169231522603,1.6258034075772405,-0.4264439121407561,1.6059127610356534,1.0164907072986817,1.3119272096828256,0.20969830650311488,0.07612723570932622,-0.13259709136367215,-0.16885746226311463,1.7272155854002211,1.6072136319759798,0.34962888988346497,1.1315428242021128,0.7723620279936336,1.3412933929387993,-0.48472605623537085,-0.1712443893343657,1.6748730799645093,1.1386763441416263,-0.2569717931141484,1.3550313786170853,-0.06662408551035545,1.5387989649860885,1.7583559593612714,-0.1411980277372745,-0.03525920852409787,0.5776996890227531,0.10832826029913402,0.2136770045428335,1.475446474835667,1.0801177745504245,0
-0.5396596746813591,-0.3918398735582402,-0.4264439121407561,-0.748702571023379,-0.4851868152199187,-0.5737204560144881,-0.6467520949943809,-0.40581080067580305,-0.4415643777653124,-0.5119157011474632,-0.3759653721788475,-0.47930569019144925,-0.4275928726484875,-0.7217848194760351,-0.8431605569002235,-0.7658502407274101,-0.48472605623537085,-0.5795963946701608,-0.6591931663346555,-0.38021390645741626,-0.2569717931141484,-0.4776899449924105,-0.238736306412107,-0.5501508699877453,-0.7548811164042157,-0.49500832818748886,-0.6238167661955769,-0.350899070369376,-0.1548124018454042,-0.6866707621716297,-0.5067094465728712,-0.5315179605683614,0
0.043749584134041314,0.18462963533761148,-0.4264439121407561,-0.2777795046115725,-0.04318361991255704,-0.0640859517719709,0.15152250955323698,0.03991223875553038,0.017925432780716687,0.49279990642808874,-0.12574770198455318,0.007819443388495278,-0.13478049475248574,0.48370247506397956,0.04700543449998459,-0.3077755377564951,-0.48472605623537085,-0.5795963946701608,-0.10346310769199722,-0.3689905794825465,-0.2569717931141484,-0.4043810920480307,-0.238736306412107,-0.27228580880357733,-0.5753641824209667,-0.5657703882775318,-0.42763091363841726,0.02054043338747566,-0.1548124018454042,-0.6866707621716297,-0.33095177866472497,-0.3703543870564828,1
-0.5396596746813591,-0.3918398735582402,-0.4264439121407561,-0.748702571023379,-0.4851868152199187,-0.5737204560144881,-0.6467520949943809,-0.40581080067580305,-0.4415643777653124,-0.5119157011474632,-0.3759653721788475,-0.47930569019144925,-0.4275928726484875,-0.7217848194760351,-0.8431605569002235,-0.7658502407274101,-0.48472605623537085,-0.37542039200226324,-0.7703391780631872,-0.38021390645741626,-0.2569717931141484,-0.4776899449924105,-0.238736306412107,-0.5650364982654685,-0.7548811164042157,-0.5657703882775318,-0.6238167661955769,-0.350899070369376,-0.1548124018454042,-0.6866707621716297,-0.5164737614566571,-0.5494250242919034,0
-0.32751085329394075,-0.3918398735582402,-0.4264439121407561,-0.748702571023379,-0.17729570054000438,-0.0640859517719709,0.6877992951724059,-0.4002392626829114,-0.4257199015395872,-0.4817741575663377,0.1684271264871172,0.17019448791514344,1.1013617443897612,-0.19726036418341153,-0.8226371947644183,-0.21616059716231203,-0.48472605623537085,0.6454596213372245,-0.6591931663346555,-0.34280281654118366,-0.2569717931141484,-0.257763386159271,-0.238736306412107,-0.4459514720436823,-0.39584724843771757,-0.5657703882775318,-0.03525920852409787,-0.350899070369376,-0.1548124018454042,-0.08643891769532092,-0.4481235572701558,-0.424075578227109,0
8.370590823590211,9.696376532119166,2.0745920050090834,2.07683582744746,5.102186910075704,0.21621302556141356,0.0697710026157194,4.079277283601989,0.5724821006810965,0.20595263216818122,4.182053809198298,0.3650445413471213,-0.04885229561368336,1.2622162653449376,1.0646301756956897,4.08974161076429,-0.48472605623537085,-0.37542039200226324,5.12039944354899,3.8397570360936184,-0.2569717931141484,4.434003202281038,-0.238736306412107,5.47356670639761,3.463766832202138,-0.5657703882775318,6.831245630976491,6.520731749132379,-0.0670988477972248,0.2136770045428335,5.381172428350028,4.822694092770716,4
0.09678678948089589,0.18462963533761148,-0.4264439121407561,-0.748702571023379,0.3100411558245226,0.5920684724402699,0.6789814310790951,-0.3584527277362239,-0.40195318720099954,-0.4133762133334582,0.9900878542872998,1.0064259672273814,1.048033516737722,-0.19726036418341153,-0.5762449139767036,1.7077531553155314,-0.48472605623537085,3.7080996613556874,0.11882891576506607,-0.03977298821969978,7.9434516047932355,-0.18445453321489122,-0.238736306412107,-0.2921333131738751,0.41197895448690336,-0.5657703882775318,-0.42763091363841726,-0.16517931849095016,-0.1548124018454042,0.8139088490191423,-0.14542979587279284,-0.2450049409916884,2
-0.11536203190652243,-0.3918398735582402,-0.4264439121407561,-0.748702571023379,0.782266791836661,1.5985966183192415,2.405342372021536,-0.2860227338286322,-0.14844156758939728,-0.1518915409198886,1.747503504605164,2.289188818987902,2.8856707756984536,-0.19726036418341153,-0.7555819262700184,0.24191410580860304,-0.48472605623537085,0.23710761600142938,0.11882891576506607,0.33059680195100277,1.3831128864673283,0.8418694080064264,-0.238736306412107,0.0006173762880161554,0.9505297564366507,0.4956605130731114,1.5342276119331797,0.39197993714432733,0.4591824764918517,1.5641986546145283,0.11820670598942655,0.09522926975561082,1
0.20286120017460507,0.18462963533761148,-0.4264439121407561,-0.748702571023379,1.4660495127822375,2.242010179925419,2.17245496700559,-0.20244966393525718,-0.21974171060516043,-0.14519333639757295,2.8701017006119978,3.1091827938474754,2.611323136371634,-0.19726036418341153,-0.7454939872532186,2.6239025612573617,-0.48472605623537085,4.524803672027278,1.0079970095933193,4.202644608281075,1.3831128864673283,0.9884871138951861,0.6218247980966507,0.6655087726929895,3.643283766185387,1.274043174063583,2.5151568747189783,0.20626018526590148,-0.1548124018454042,6.215995449305922,0.5868938204111499,0.9905824559327141,3
-0.4335852639876499,-0.3918398735582402,-0.4264439121407561,-0.748702571023379,-0.4568532770591904,-0.49090484907507903,-0.44206629895653016,-0.3835246487042364,-0.39403094908813696,-0.3109718260937633,-0.3522961331064143,-0.42247442460712237,-0.31679921809650435,0.27021636709022934,1.9080906384670007,0.24191410580860304,-0.48472605623537085,0.03293161333353183,0.3411209392221294,0.33059680195100277,-0.2569717931141484,0.3287074373957676,-0.238736306412107,0.28840618965733295,0.9505297564366507,-0.5657703882775318,1.3380417593760199,0.9491391927796049,-0.0670988477972248,0.9639668101382195,0.469722041805719,0.09522926975561082,0
-0.5396596746813591,-0.3918398735582402,-0.4264439121407561,-0.748702571023379,-0.4851868152199187,-0.5737204560144881,-0.6467520949943809,-0.40581080067580305,-0.4415643777653124,-0.5119157011474632,-0.3759653721788475,-0.47930569019144925,-0.4275928726484875,-1.5720704465514994,-0.8431605569002235,-0.8574651813215932,-0.48472605623537085,-0.5795963946701608,-0.7703391780631872,-0.38021390645741626,-0.2569717931141484,-0.4776899449924105,-0.238736306412107,-0.5650364982654685,-0.8446395833958403,-0.5657703882775318,-0.6238167661955769,-0.350899070369376,-0.1548124018454042,-0.8367287232907069,-0.5262380763404431,-0.5494250242919034,0
2.960795878211043,2.778742425368944,4.575627922158923,1.134989694623847,1.0051572920343903,0.01872965516743814,-0.1646720144501141,2.1153101411076767,1.3805503881930787,0.505926548657669,-0.7681984768077413,0.24326325795213513,-0.5098021983212515,0.9990270975339579,1.056952226384637,4.364586432546838,-0.48472605623537085,5.95403569070256,2.675187185521294,6.926171954182807,3.023197566048805,0.03547202561824827,1.3102736817036569,2.967819279647524,4.810143837076506,1.0617569937934543,-0.6238167661955769,0.02054043338747566,-0.1548124018454042,3.214836226924378,2.3542348143763983,1.9933780244510697,10
-0.5396596746813591,-0.3918398735582402,-0.4264439121407561,-0.748702571023379,-0.4851868152199187,-0.5737204560144881,-0.6467520949943809,-0.40581080067580305,-0.4415643777653124,-0.5119157011474632,-0.3759653721788475,-0.47930569019144925,-0.4275928726484875,-1.3070467230845264,-0.8431605569002235,-0.6742353001332272,-0.48472605623537085,-0.5795963946701608,-0.5480471546061239,-0.376472797465793,-0.2569717931141484,-0.33107223910365086,-0.238736306412107,-0.41618021548823575,-0.6651226494125911,-0.5657703882775318,-0.23144506108125756,-0.350899070369376,-0.1548124018454042,-0.5366128010525525,-0.428594927502584,-0.4598897056741932,0
-0.5396596746813591,-0.3918398735582402,-0.4264439121407561,-0.748702571023379,-0.4851868152199187,-0.5737204560144881,-0.6467520949943809,-0.40581080067580305,-0.4415643777653124,-0.5119157011474632,-0.3759653721788475,-0.47930569019144925,-0.4275928726484875,-0.7217848194760351,-0.8431605569002235,-0.7658502407274101,-0.48472605623537085,-0.37542039200226324,-0.7703391780631872,-0.38021390645741626,-0.2569717931141484,-0.4776899449924105,-0.238736306412107,-0.5650364982654685,-0.7548811164042157,-0.5657703882775318,-0.6238167661955769,-0.350899070369376,-0.1548124018454042,-0.6866707621716297,-0.5164737614566571,-0.5494250242919034,0
0.3619728162151688,0.7610991442334631,-0.4264439121407561,0.6640666282120404,1.1184914446773035,2.936387191955849,1.284118612201318,2.020593995228518,4.074111346566353,3.134374644334348,-0.45035440926363773,-0.12208059223282326,-0.48562762146949645,1.2622162653449376,1.0852983528192808,-0.21616059716231203,-0.48472605623537085,-0.37542039200226324,0.007682904036534425,-0.21186400183436965,-0.2569717931141484,0.47532514328452724,-0.238736306412107,-0.1184676499337701,0.052945086520405193,1.274043174063583,1.1418559068188603,0.20626018526590148,-0.1548124018454042,-0.08643891769532092,-0.20401568517550825,-0.08384136747980982,1
-0.009287621212813263,0.18462963533761148,-0.4264439121407561,-0.2777795046115725,-0.08851728096972233,0.2608060446826338,0.1347751177214201,0.07055569771643455,0.5170264338910585,0.6594977132035035,-0.24409389734671944,-0.21950561894881215,-0.2592440482081689,-0.1714941330599126,-0.6163918448750748,1.0664485711562501,-0.48472605623537085,0.6454596213372245,1.0079970095933193,1.0339252923761753,-0.2569717931141484,1.1351048197839457,-0.238736306412107,1.9307871762994682,1.668597492369647,-0.5657703882775318,3.692271990061936,2.06345770405016,-0.1548124018454042,1.1140247712572966,1.9343692743736045,1.6352367499802283,1
0.46804722690887796,1.049333898681389,2.0745920050090834,1.6059127610356534,1.7682739198300061,3.102018405834667,1.7951494517371782,2.430102037706056,4.8663351578526095,3.3235957195507586,0.2157656046319837,0.17831324014147584,-0.012116074540267769,0.9990270975339579,2.6939964266055365,0.7916037493737011,-0.48472605623537085,0.23710761600142938,0.785704986136256,1.1386763441416263,-0.2569717931141484,0.621942849173287,-0.238736306412107,4.411725222586682,1.7583559593612714,-0.21196008782731737,-0.6238167661955769,-0.16517931849095016,-0.1548124018454042,0.2136770045428335,1.9050763297222468,4.894322347664884,5
-0.5396596746813591,-0.3918398735582402,-0.4264439121407561,-0.748702571023379,-0.4851868152199187,-0.5737204560144881,-0.6467520949943809,-0.40581080067580305,-0.4415643777653124,-0.5119157011474632,-0.3759653721788475,-0.47930569019144925,-0.4275928726484875,-1.2775997858450359,-0.8431605569002235,-0.4910054189448611,-0.48472605623537085,-0.5795963946701608,-0.3257551311490605,-0.376472797465793,-0.2569717931141484,-0.4776899449924105,-0.238736306412107,-0.5253414895248731,-0.6651226494125911,-0.424246268097446,-0.6238167661955769,-0.350899070369376,-0.1548124018454042,-0.5366128010525525,-0.4481235572701558,-0.5136108968448193,0
-0.32751085329394075,-0.3918398735582402,-0.4264439121407561,-0.748702571023379,-0.31329668371150027,-0.29979190998413513,0.09830420258339577,-0.3946677246900197,-0.4177976634267247,-0.4516326139852122,-0.08179054370717716,-0.13019934445915568,0.39861241730385794,-0.19726036418341153,-0.7434529224129637,-0.6742353001332272,1.5777357908837564,-0.1712443893343657,-0.7703391780631872,-0.3689905794825465,-0.2569717931141484,-0.4043810920480307,-0.06662408551035545,-0.5154177373397243,-0.5753641824209667,0.141850212622897,-0.42763091363841726,-0.350899070369376,-0.1548124018454042,-0.38655483993347534,-0.49694513168908533,-0.4957038331212773,0
-0.5396596746813591,-0.3918398735582402,-0.4264439121407561,-0.748702571023379,-0.4851868152199187,-0.5737204560144881,-0.6467520949943809,-0.40581080067580305,-0.4415643777653124,-0.5119157011474632,-0.3759653721788475,-0.47930569019144925,-0.4275928726484875,-1.6769763682592689,-0.8431605569002235,-0.4910054189448611,-0.48472605623537085,-0.37542039200226324,-0.3257551311490605,-0.24553398275897897,-0.2569717931141484,-0.33107223910365086,-0.238736306412107,-0.2871714370813006,-0.036813380471219355,-0.07043596764723163,-0.23144506108125756,-0.350899070369376,-0.1548124018454042,0.3637349656619107,-0.2626015744782237,-0.2808190684387725,0
-0.06232482655966785,0.4728643897855373,-0.4264439121407561,0.6640666282120404,-0.27740753537457774,-0.3380144978023239,-0.19644334371110928,-0.15230582199923218,-0.24350842494374814,0.17380441532314217,-0.31172029469652873,-0.26009938008047423,-0.3373750536307026,1.2438062932071976,0.24404485129689535,-0.3993904783506781,1.5777357908837564,-0.37542039200226324,-0.3257551311490605,-0.3577672525076767,-0.2569717931141484,-0.4043810920480307,0.10548813539139608,-0.4012945872105125,-0.4856057154293421,5.802815019826327,-0.42763091363841726,-0.350899070369376,-0.1548124018454042,-0.23649687881439813,-0.31142314889715317,-0.35244732333294077,1
0.20286120017460507,0.18462963533761148,-0.4264439121407561,1.134989694623847,-0.373741565121054,-0.47816398646901614,-0.48573273856846905,-0.2581650438641739,-0.16428604381512243,-0.2456656506937177,-0.35567745297390474,-0.41435567238078996,-0.4085996475921117,1.1554667698002816,1.6304716826641923,-0.8574651813215932,1.5777357908837564,-0.5795963946701608,-0.7703391780631872,-0.38021390645741626,-0.2569717931141484,1.1351048197839457,0.2776003562931476,-0.5650364982654685,-0.8446395833958403,-0.21196008782731737,-0.42763091363841726,-0.350899070369376,1.6871722331663634,-0.8367287232907069,-0.5262380763404431,-0.5494250242919034,1
-0.2744736479470862,-0.3918398735582402,-0.4264439121407561,-0.748702571023379,-0.33785241678413147,-0.3889779482265756,-0.11456902529596898,-0.3612384967326697,-0.3544197585238241,-0.3109718260937633,-0.16632354039443875,-0.25198062785414177,0.06306385853913155,-0.7217848194760351,0.5259280035969501,0.8832186899678842,-0.48472605623537085,1.2579876293409171,0.3411209392221294,-0.13330071301028124,-0.2569717931141484,0.03547202561824827,-0.238736306412107,0.20405429608356768,0.23246202050365428,-0.5657703882775318,0.7494842017045409,-0.350899070369376,-0.1548124018454042,0.9639668101382195,0.28420005901378687,-0.012213112585641563,3
-0.5396596746813591,-0.3918398735582402,-0.4264439121407561,-0.748702571023379,-0.4851868152199187,-0.5737204560144881,-0.6467520949943809,-0.40581080067580305,-0.4415643777653124,-0.5119157011474632,-0.3759653721788475,-0.47930569019144925,-0.4275928726484875,-1.3070467230845264,-0.8431605569002235,-0.7658502407274101,-0.48472605623537085,-0.5795963946701608,-0.6591931663346555,-0.376472797465793,-0.2569717931141484,-0.4776899449924105,-0.238736306412107,-0.535265241710022,-0.6651226494125911,-0.5657703882775318,-0.6238167661955769,-0.350899070369376,-0.1548124018454042,-0.5366128010525525,-0.49694513168908533,-0.5136108968448193,0
-0.5396596746813591,-0.3918398735582402,-0.4264439121407561,-0.748702571023379,-0.4851868152199187,-0.5737204560144881,-0.6467520949943809,-0.40581080067580305,-0.4415643777653124,-0.5119157011474632,-0.3759653721788475,-0.47930569019144925,-0.4275928726484875,-0.7217848194760351,-0.8431605569002235,-0.6742353001332272,-0.48472605623537085,-0.5795963946701608,-0.5480471546061239,-0.376472797465793,-0.2569717931141484,-0.4776899449924105,-0.238736306412107,-0.535265241710022,-0.6651226494125911,-0.424246268097446,-0.6238167661955769,-0.350899070369376,-0.1548124018454042,-0.5366128010525525,-0.4481235572701558,-0.5136108968448193,0
-0.5396596746813591,-0.3918398735582402,-0.4264439121407561,-0.748702571023379,-0.4851868152199187,-0.5737204560144881,-0.6467520949943809,-0.40581080067580305,-0.4415643777653124,-0.5119157011474632,-0.3759653721788475,-0.47930569019144925,-0.4275928726484875,-0.7217848194760351,-0.8431605569002235,-0.7658502407274101,-0.48472605623537085,-0.5795963946701608,-0.6591931663346555,-0.38021390645741626,-0.2569717931141484,-0.4776899449924105,-0.238736306412107,-0.5501508699877453,-0.7548811164042157,-0.49500832818748886,-0.6238167661955769,-0.350899070369376,-0.1548124018454042,-0.6866707621716297,-0.5067094465728712,-0.5315179605683614,0
0.6271588429494417,0.7610991442334631,2.0745920050090834,2.07683582744746,-0.094183988601868,-0.18512414652956874,-0.2783176621262496,0.020411855780409542,0.0020809565549915476,-0.010649021237323962,-0.19337409933436248,-0.18703061004348254,-0.31611071368821075,1.2622162653449376,1.1844528994603036,0.15029916521442002,-0.48472605623537085,-0.37542039200226324,0.3411209392221294,-0.24553398275897897,-0.2569717931141484,-0.257763386159271,-0.238736306412107,-0.2623620566184285,-0.036813380471219355,-0.1411980277372745,-0.03525920852409787,-0.350899070369376,-0.1548124018454042,0.3637349656619107,-0.17472274052415054,-0.17337668609752013,1
0.5210844322557325,-0.10360511911031435,-0.4264439121407561,-0.2777795046115725,1.1940475464392457,1.3501497975010144,1.0862529468874484,-0.15230582199923218,-0.06921918646077159,-0.18538256353146668,2.3223278820785427,1.9725574821609382,1.3767635077072096,-0.19726036418341153,-0.5379051759056416,2.5322876206631784,1.5777357908837564,1.2579876293409171,2.5640411737927624,2.537851107008725,-0.2569717931141484,0.6952517021176668,-0.238736306412107,1.0823063644692412,2.7456990962691417,1.0617569937934543,1.1418559068188603,-0.16517931849095016,-0.1548124018454042,4.265241954757919,1.4852107897194529,1.3487237304035553,4
0.043749584134041314,-0.3918398735582402,-0.4264439121407561,-0.748702571023379,0.7652666689402241,1.222741171440385,1.611615885861879,-0.24980773687483637,-0.2672751392823358,-0.16026410818813575,1.6731144675203735,1.8101824376342899,1.970301790718952,-0.19726036418341153,-0.705072758321738,1.7077531553155314,-0.48472605623537085,3.095571653351995,0.3411209392221294,0.5662866684232679,-0.2569717931141484,0.6952517021176668,-0.238736306412107,0.14947365906524898,1.2198051574115243,-0.5657703882775318,1.5342276119331797,0.39197993714432733,-0.1548124018454042,2.01437253797176,0.22561416971107148,0.13104339720269495,0
0.043749584134041314,0.18462963533761148,-0.4264439121407561,2.07683582744746,-0.0696282555292368,0.08880439950078425,0.10376112590576494,-0.11609082504543633,0.17637019503796808,0.1411513276231194,0.016267732450046306,0.3488070368944564,0.03141022449080214,1.2622162653449376,0.08751230670381148,-0.6742353001332272,-0.48472605623537085,-0.5795963946701608,-0.5480471546061239,-0.275462854691965,-0.2569717931141484,-0.18445453321489122,-0.238736306412107,-0.2970951892664495,-0.1265718474628439,0.7787087534332828,0.1609266440330618,-0.16517931849095016,-0.1548124018454042,0.2136770045428335,-0.3700090381998686,-0.2987261321623146,0
6.5142886364503,6.237559478744054,2.0745920050090834,2.5477588938592666,3.78751073941791,1.496669717470738,0.04429171472492779,5.775810602437502,3.535399154891698,0.7359215969534472,-0.23056861787675756,0.8115759137954037,-0.4123557477792606,1.2622162653449376,1.1574573015511218,6.196885244430499,-0.48472605623537085,3.095571653351995,6.676443607748434,5.803839256695829,-0.2569717931141484,2.8212084375046818,-0.238736306412107,5.637308617452566,4.361351502118383,0.141850212622897,2.1227851696046587,3.5492157190775666,0.4591824764918517,1.1140247712572966,4.5804986078795835,3.9452479703171544,13
-0.5396596746813591,-0.3918398735582402,-0.4264439121407561,-0.748702571023379,-0.4851868152199187,-0.5737204560144881,-0.6467520949943809,-0.40581080067580305,-0.4415643777653124,-0.5119157011474632,-0.3759653721788475,-0.47930569019144925,-0.4275928726484875,-1.4671658131552858,-0.8431605569002235,-0.7658502407274101,-0.48472605623537085,-0.37542039200226324,-0.6591931663346555,-0.376472797465793,-0.2569717931141484,-0.4776899449924105,-0.238736306412107,-0.431065843765959,-0.6651226494125911,-0.5657703882775318,-0.6238167661955769,-0.16517931849095016,-0.1548124018454042,-0.8367287232907069,-0.3797733530836545,-0.44198264195065107,0
-0.5396596746813591,-0.3918398735582402,-0.4264439121407561,-0.748702571023379,-0.4851868152199187,-0.5737204560144881,-0.6467520949943809,-0.40581080067580305,-0.4415643777653124,-0.5119157011474632,-0.3759653721788475,-0.47930569019144925,-0.4275928726484875,-1.4671658131552858,-0.8431605569002235,1.2496784523446163,1.5777357908837564,0.03293161333353183,1.452581056507446,0.33059680195100277,-0.2569717931141484,0.25539858445138774,-0.238736306412107,0.47199560508258676,0.9505297564366507,0.4248984529830685,0.7494842017045409,0.39197993714432733,-0.0670988477972248,1.5641986546145283,0.5283079311084344,0.41755641677936794,1
1.2636053071116966,1.9140381620251663,2.0745920050090834,1.6059127610356534,0.46682006698055256,-0.10230853959015969,-0.05725700240537075,0.6917821839238556,0.16844795692510553,0.3363502244702568,-0.004020186754896478,-0.1789118578171501,-0.27836025439678463,0.9990270975339579,1.1297669749991306,2.3490577394748127,-0.48472605623537085,1.0538116266730195,2.4528951620642307,1.8457459435584223,-0.2569717931141484,0.4020162903401474,-0.238736306412107,2.6800304662782066,2.2969067613110186,0.7787087534332828,-0.03525920852409787,-0.16517931849095016,0.020614706250954608,2.164430499090837,1.6219111980924557,2.1187274705158643,4
-0.5396596746813591,-0.3918398735582402,-0.4264439121407561,-0.748702571023379,-0.4851868152199187,-0.5737204560144881,-0.6467520949943809,-0.40581080067580305,-0.4415643777653124,-0.5119157011474632,-0.3759653721788475,-0.47930569019144925,-0.4275928726484875,-1.2923238986205592,-0.8431605569002235,-0.8574651813215932,-0.48472605623537085,-0.5795963946701608,-0.7703391780631872,-0.38021390645741626,-0.2569717931141484,-0.4776899449924105,-0.238736306412107,-0.5650364982654685,-0.8446395833958403,-0.5657703882775318,-0.6238167661955769,-0.350899070369376,-0.1548124018454042,-0.8367287232907069,-0.5262380763404431,-0.5494250242919034,0
-0.5396596746813591,-0.3918398735582402,-0.4264439121407561,-0.748702571023379,-0.4851868152199187,-0.5737204560144881,-0.6467520949943809,-0.40581080067580305,-0.4415643777653124,-0.5119157011474632,-0.3759653721788475,-0.47930569019144925,-0.4275928726484875,-1.4671658131552858,-0.8431605569002235,-0.21616059716231203,-0.48472605623537085,0.23710761600142938,-0.4369011428775922,-0.275462854691965,-0.2569717931141484,-0.257763386159271,-0.238736306412107,-0.34175207409961933,-0.1265718474628439,-0.2827221479173602,-0.03525920852409787,-0.350899070369376,-0.1548124018454042,0.2136770045428335,-0.3700090381998686,-0.26291200471523046,0
0.7862704589900055,0.7610991442334631,-0.4264439121407561,0.19314356180023395,5.241965698335297,4.758330544622848,4.127134725996411,6.982048577898548,6.6250720189081,7.174177912039543,0.9089361774675287,0.6735571259477527,0.26639108107389814,1.0027116685846182,0.5043464978696653,1.2496784523446163,-0.48472605623537085,2.2788676426804044,0.3411209392221294,0.0687191725373747,-0.2569717931141484,0.4020162903401474,-0.238736306412107,0.8490981881182432,0.5914958884701524,-0.3534842080074031,0.7494842017045409,-0.16517931849095016,0.020614706250954608,1.264082732376374,0.10844239110564065,0.6503482451854149,1
0.5210844322557325,-0.3918398735582402,-0.4264439121407561,-0.2777795046115725,0.011594553864851025,-0.14690155871137994,-0.1340633005106139,0.07334146671288039,-0.21181947249229785,0.10526857352837908,-0.0682652642372153,-0.13019934445915568,-0.22183309281462557,0.27021636709022934,0.713160367354197,-0.3077755377564951,-0.48472605623537085,-0.37542039200226324,-0.21460911942052888,-0.21186400183436965,-0.2569717931141484,-0.18445453321489122,-0.238736306412107,-0.029153880267430408,0.052945086520405193,0.6371846332531971,-0.23144506108125756,0.39197993714432733,0.020614706250954608,-0.38655483993347534,0.010799242267781613,0.09522926975561082,0
-0.06232482655966785,-0.3918398735582402,-0.4264439121407561,1.134989694623847,-0.09607289114591655,0.5028824341978295,0.19655338468156422,-0.17459197397079884,-0.15636380570225986,0.11352132816089124,0.039936971522479554,0.6004883559107611,0.15644879783506713,1.2622162653449376,1.2120743520520165,-0.8574651813215932,1.5777357908837564,-0.5795963946701608,-0.7703391780631872,-0.38021390645741626,-0.2569717931141484,9.638931761332005,0.2776003562931476,-0.5650364982654685,-0.8446395833958403,-0.21196008782731737,-0.42763091363841726,-0.350899070369376,11.861944502755174,-0.8367287232907069,-0.5262380763404431,-0.5494250242919034,0
1.3696797178054056,1.6258034075772405,-0.4264439121407561,2.07683582744746,0.6462658086651651,-0.07045638307500236,0.015987762848813723,0.4354914362508388,0.13675900447365524,0.10313455224283534,0.6282866284658203,0.13771947900981382,-0.04644490433778773,1.2622162653449376,1.555560770041221,1.8909830365038973,-0.48472605623537085,-0.37542039200226324,2.4528951620642307,0.4054189817834679,-0.2569717931141484,-0.4776899449924105,-0.06662408551035545,0.5315381181934798,1.0402882234282753,0.28337433280298274,-0.6238167661955769,0.5776996890227531,-0.1548124018454042,1.5641986546145283,1.2020456580896617,0.27429990699103146,0
0.6801960482962963,0.18462963533761148,-0.4264439121407561,1.134989694623847,-0.08851728096972233,-0.2870510473780722,-0.2885519519281421,-0.12444813203477383,-0.116752615137947,-0.1948017959005684,-0.007401506622386943,-0.26009938008047423,-0.21194047154401227,1.1462682252891925,1.2117329767706355,-0.6742353001332272,-0.48472605623537085,-0.5795963946701608,-0.5480471546061239,2.249785714653734,-0.2569717931141484,-0.4043810920480307,-0.238736306412107,0.0006173762880161554,2.5661821622858922,2.0524258350540547,-0.42763091363841726,-0.350899070369376,-0.1548124018454042,4.865473799234227,0.19632122505971378,0.13104339720269495,1
-0.009287621212813263,-0.3918398735582402,-0.4264439121407561,1.6059127610356534,-0.31896339134364593,-0.40808924213567,-0.3192548213338197,-0.29716580981441554,-0.33857528229809897,-0.2447523619232096,-0.2102806986718148,-0.37376191124912794,-0.21607719596129088,1.2622162653449376,0.9073220504194691,0.05868422462023701,3.6401976380028835,0.4412836186693269,-0.21460911942052888,-0.24553398275897897,-0.2569717931141484,-0.33107223910365086,-0.238736306412107,-0.4012945872105125,-0.036813380471219355,2.1231878951440972,-0.23144506108125756,-0.350899070369376,-0.1548124018454042,0.2136770045428335,-0.3504804084322968,-0.22709787726814631,1
-0.5396596746813591,-0.3918398735582402,-0.4264439121407561,-0.748702571023379,-0.4851868152199187,-0.5737204560144881,-0.6467520949943809,-0.40581080067580305,-0.4415643777653124,-0.5119157011474632,-0.3759653721788475,-0.47930569019144925,-0.4275928726484875,-0.7217848194760351,-0.8431605569002235,-0.7658502407274101,-0.48472605623537085,-0.5795963946701608,-0.6591931663346555,-0.38021390645741626,-0.2569717931141484,-0.4776899449924105,-0.238736306412107,-0.5501508699877453,-0.7548811164042157,-0.49500832818748886,-0.6238167661955769,-0.350899070369376,-0.1548124018454042,-0.6866707621716297,-0.5067094465728712,-0.5315179605683614,0
-0.38054805864079533,-0.3918398735582402,-0.4264439121407561,-0.2777795046115725,-0.3982972981936852,-0.3889779482265756,-0.1759747641073242,-0.3027373478073072,-0.23558618683088556,0.18510749416606428,-0.34553349337143335,-0.31693064566480106,-0.3207559817063738,0.2812571971266486,0.9008209474731759,-0.3993904783506781,-0.48472605623537085,-0.37542039200226324,-0.3257551311490605,-0.3577672525076767,-0.2569717931141484,-0.4043810920480307,-0.238736306412107,-0.3764852067476403,-0.4856057154293421,-0.3534842080074031,-0.42763091363841726,-0.350899070369376,-0.1548124018454042,-0.23649687881439813,-0.3602447233160827,-0.3882614507800249,1
0.09678678948089589,-0.10360511911031435,2.0745920050090834,0.6640666282120404,-0.33785241678413147,-0.47179355516598465,-0.40112913974896003,-0.24980773687483637,-0.3623419966366867,-0.1873146364750168,-0.3015763350940573,-0.39811816792812516,-0.3472368109105993,1.1628359119016023,1.1269700933078188,-0.3077755377564951,1.5777357908837564,-0.37542039200226324,-0.21460911942052888,-0.376472797465793,-0.2569717931141484,-0.4776899449924105,0.2776003562931476,-0.45587522422883114,-0.6651226494125911,1.0617569937934543,-0.6238167661955769,-0.350899070369376,-0.1548124018454042,-0.6866707621716297,-0.3797733530836545,-0.40616851450356695,0
0.46804722690887796,0.7610991442334631,2.0745920050090834,2.07683582744746,0.34404140161739655,1.0762212514706613,0.2518185496117838,1.0539321534618138,1.982640484770634,1.4623554034162578,-0.663377560915537,-0.36564315902279554,-0.6293958888724799,1.2622162653449376,1.0913892065239144,-0.03293071597394601,-0.48472605623537085,-0.37542039200226324,0.11882891576506607,-0.3577672525076767,-0.2569717931141484,-0.11114568027051139,-0.238736306412107,0.09489302204693027,-0.4856057154293421,-0.5657703882775318,0.35711249659022154,-0.350899070369376,-0.1548124018454042,-0.8367287232907069,-0.0575509619187197,-0.2450049409916884,2
-0.4335852639876499,-0.3918398735582402,-0.4264439121407561,-0.748702571023379,-0.22829606922931533,-0.14053112740834847,1.209064424510159,-0.40581080067580305,-0.4415643777653124,-0.5119157011474632,0.08389412979985558,0.07276946119915455,1.7249710509720106,-0.19726036418341153,-0.828187956839668,-0.4910054189448611,-0.48472605623537085,-0.37542039200226324,-0.3257551311490605,-0.3577672525076767,-0.2569717931141484,-0.33107223910365086,-0.238736306412107,-0.46083710032140557,-0.4856057154293421,-0.3534842080074031,-0.23144506108125756,-0.350899070369376,-0.1548124018454042,-0.23649687881439813,-0.428594927502584,-0.47779676939773524,0
-0.5396596746813591,-0.3918398735582402,-0.4264439121407561,-0.748702571023379,-0.4851868152199187,-0.5737204560144881,-0.6467520949943809,-0.40581080067580305,-0.4415643777653124,-0.5119157011474632,-0.3759653721788475,-0.47930569019144925,-0.4275928726484875,-0.7217848194760351,-0.8431605569002235,-0.6742353001332272,-0.48472605623537085,-0.5795963946701608,-0.5480471546061239,-0.376472797465793,-0.2569717931141484,-0.4776899449924105,-0.238736306412107,-0.535265241710022,-0.6651226494125911,-0.424246268097446,-0.6238167661955769,-0.350899070369376,-0.1548124018454042,-0.5366128010525525,-0.4481235572701558,-0.5136108968448193,0
-0.5396596746813591,-0.3918398735582402,-0.4264439121407561,-0.748702571023379,-0.4851868152199187,-0.5737204560144881,-0.6467520949943809,-0.40581080067580305,-0.4415643777653124,-0.5119157011474632,-0.3759653721788475,-0.47930569019144925,-0.4275928726484875,-1.5720704465514994,-0.8431605569002235,-0.8574651813215932,-0.48472605623537085,-0.5795963946701608,-0.7703391780631872,-0.38021390645741626,-0.2569717931141484,-0.4776899449924105,-0.238736306412107,-0.5650364982654685,-0.8446395833958403,-0.5657703882775318,-0.6238167661955769,-0.350899070369376,-0.1548124018454042,-0.8367287232907069,-0.5262380763404431,-0.5494250242919034,0
-0.2214364426002316,-0.10360511911031435,-0.4264439121407561,1.134989694623847,-0.40018620073773375,-0.40171881083263855,-0.3835847014273717,-0.23309312289616135,-0.17220828192798499,0.1555039771378618,-0.4334478099261854,-0.47930569019144925,-0.5429088140863937,1.2622162653449376,-0.2472031621699196,-0.4910054189448611,-0.48472605623537085,-0.5795963946701608,-0.3257551311490605,-0.3689905794825465,-0.2569717931141484,-0.4776899449924105,-0.238736306412107,-0.500532109062001,-0.5753641824209667,0.07108815253285412,-0.6238167661955769,-0.350899070369376,-0.1548124018454042,-0.6866707621716297,-0.4481235572701558,-0.4598897056741932,0
1.104493691071133,0.7610991442334631,-0.4264439121407561,1.134989694623847,0.49137580005318376,-0.2870510473780722,0.01464093031088475,0.5608510410909013,0.3585816716338072,0.3052064745650589,0.19885900529453138,-0.11396184000649084,-0.17533910236849695,1.063442675342705,1.6401889001034928,0.6083738681853351,-0.48472605623537085,0.23710761600142938,0.6745589744077244,0.25951573111016085,-0.2569717931141484,-0.4043810920480307,0.2776003562931476,0.6655087726929895,0.8607712894450261,0.0003260924428112482,-0.42763091363841726,1.5062984484148823,-0.1548124018454042,0.5137929267809879,1.1434597687869463,1.2054672206152188,4
1.104493691071133,0.7610991442334631,-0.4264439121407561,2.07683582744746,0.2382628591506775,0.25443561337960235,-0.15678751758673606,0.6917821839238556,0.29520376673090665,0.4158786872090565,-0.41315989072124265,-0.1789118578171501,-0.44391517543131037,1.2622162653449376,3.198153815844562,1.0664485711562501,-0.48472605623537085,-0.1712443893343657,1.5637270682359776,0.0687191725373747,-0.2569717931141484,0.6952517021176668,-0.238736306412107,0.46703372899001233,0.5914958884701524,0.0003260924428112482,-0.6238167661955769,0.5776996890227531,0.020614706250954608,0.3637349656619107,0.274435744130001,0.16685752464977907,3
-0.4866224693345045,-0.3918398735582402,-0.4264439121407561,-0.748702571023379,-0.48329791267587013,-0.5673500247114567,-0.6262835153905958,-0.4030250316793572,-0.4336421396524498,-0.4742387716710563,-0.3759653721788475,-0.47930569019144925,-0.4275928726484875,-1.4671658131552858,-0.41537241153006715,-0.3077755377564951,3.6401976380028835,-0.37542039200226324,-0.21460911942052888,-0.376472797465793,-0.2569717931141484,-0.4776899449924105,-0.238736306412107,-0.4707608525065545,-0.6651226494125911,0.0003260924428112482,-0.6238167661955769,-0.350899070369376,-0.1548124018454042,-0.5366128010525525,-0.4383592423863699,-0.4598897056741932,0
-0.5396596746813591,-0.3918398735582402,-0.4264439121407561,-0.748702571023379,-0.4851868152199187,-0.5737204560144881,-0.6467520949943809,-0.40581080067580305,-0.4415643777653124,-0.5119157011474632,-0.3759653721788475,-0.47930569019144925,-0.4275928726484875,-0.7217848194760351,-0.8431605569002235,-0.6742353001332272,-0.48472605623537085,-0.5795963946701608,-0.5480471546061239,-0.376472797465793,-0.2569717931141484,-0.4776899449924105,-0.238736306412107,-0.535265241710022,-0.6651226494125911,-0.424246268097446,-0.6238167661955769,-0.350899070369376,-0.1548124018454042,-0.5366128010525525,-0.4481235572701558,-0.5136108968448193,0
1.3166425124585512,2.490507670921018,2.0745920050090834,1.6059127610356534,0.1759290751970752,-0.07682681437803383,-0.24875202700335824,1.017717156508018,0.67547119614831,0.5576871143723567,-0.9203578708448124,-0.0652493266484964,-0.6399475750525495,1.2622162653449376,0.3000603426434458,0.24191410580860304,1.5777357908837564,-0.1712443893343657,0.45226695095066105,0.1285769164033468,-0.2569717931141484,-0.4043810920480307,2.5150592280159176,0.35787245495337494,0.681254355461777,5.3782426592860695,-0.6238167661955769,-0.350899070369376,-0.1548124018454042,-0.08643891769532092,0.059620816686711126,0.32802109816165764,4
-0.4335852639876499,-0.3918398735582402,2.0745920050090834,-0.2777795046115725,-0.4814090101318216,-0.5609795934084252,-0.6194606418769477,-0.4002392626829114,-0.4257199015395872,-0.4616797700609677,-0.3759653721788475,-0.47930569019144925,-0.4275928726484875,0.27021636709022934,0.6883238183737475,-0.3993904783506781,-0.48472605623537085,0.03293161333353183,-0.5480471546061239,-0.3240972715830674,-0.2569717931141484,-0.257763386159271,-0.238736306412107,-0.09365826947089796,-0.306088781446093,-0.5657703882775318,-0.6238167661955769,-0.16517931849095016,-0.1548124018454042,-0.08643891769532092,-0.3602447233160827,-0.06593430375626776,0
-0.06232482655966785,0.18462963533761148,-0.4264439121407561,-0.748702571023379,0.5480428763746403,0.7131066671978679,1.5925105136597062,-0.12723390103121968,0.13675900447365524,0.2416228883806746,1.13548460858939,0.8115759137954037,1.6949000274015038,-0.1991026497087417,-0.3044823409615808,1.3412933929387993,-0.48472605623537085,-0.5795963946701608,1.8971651034215724,0.25951573111016085,-0.2569717931141484,0.03547202561824827,-0.238736306412107,0.4074912158791192,0.8607712894450261,0.4956605130731114,0.7494842017045409,0.39197993714432733,-0.1548124018454042,1.414140693495451,0.5185436162246485,0.6145341177383308,1
-0.11536203190652243,0.18462963533761148,2.0745920050090834,-0.2777795046115725,-0.216962653965024,-0.2488284595598834,-0.0008537844491806539,-0.11609082504543633,-0.10883037702508444,0.35884335136767176,-0.2474752172142099,-0.32504939789113346,-0.22710893590466033,0.47266164502756025,0.4495138419278989,-0.21616059716231203,-0.48472605623537085,0.03293161333353183,-0.3257551311490605,-0.30165061763332784,-0.2569717931141484,-0.4043810920480307,-0.238736306412107,0.035350508936037146,-0.21633031445446846,-0.21196008782731737,-0.6238167661955769,-0.16517931849095016,-0.0670988477972248,-0.08643891769532092,0.16702828040835604,-0.030120176309183625,0
-0.4335852639876499,-0.3918398735582402,-0.4264439121407561,-0.748702571023379,-0.46251998469133604,-0.5227570055902364,-0.4830034581641003,-0.3918819556935739,-0.4177976634267247,-0.3863256850465771,-0.3522961331064143,-0.43059317683345477,-0.31679921809650435,-0.7751582789368069,-0.2670718024502768,-0.7658502407274101,-0.48472605623537085,-0.5795963946701608,-0.6591931663346555,-0.38021390645741626,-0.2569717931141484,-0.4776899449924105,-0.238736306412107,-0.5501508699877453,-0.7548811164042157,-0.5657703882775318,-0.6238167661955769,-0.350899070369376,-0.1548124018454042,-0.6866707621716297,-0.5067094465728712,-0.5315179605683614,0
-0.32751085329394075,-0.3918398735582402,-0.4264439121407561,-0.748702571023379,-0.20185143361263558,-0.10867897089319116,0.5813626812327235,-0.39745349368646554,-0.4177976634267247,-0.46670338577577497,0.1210886483422507,0.11336322233081658,0.9684091689951307,-0.19726036418341153,-0.8192899502400808,-0.5826203595390441,1.5777357908837564,-0.37542039200226324,-0.4369011428775922,-0.30165061763332784,-0.2569717931141484,-0.33107223910365086,-0.06662408551035545,-0.4062564633030869,-0.21633031445446846,0.0003260924428112482,-0.42763091363841726,-0.350899070369376,-0.0670988477972248,0.2136770045428335,-0.3895376679674404,-0.3882614507800249,0
-0.5396596746813591,-0.3918398735582402,-0.4264439121407561,-0.748702571023379,-0.4851868152199187,-0.5737204560144881,-0.6467520949943809,-0.40581080067580305,-0.4415643777653124,-0.5119157011474632,-0.3759653721788475,-0.47930569019144925,-0.4275928726484875,-1.2923238986205592,-0.8431605569002235,-0.8574651813215932,-0.48472605623537085,-0.5795963946701608,-0.7703391780631872,-0.38021390645741626,-0.2569717931141484,-0.4776899449924105,-0.238736306412107,-0.5650364982654685,-0.8446395833958403,-0.5657703882775318,-0.6238167661955769,-0.350899070369376,-0.1548124018454042,-0.8367287232907069,-0.5262380763404431,-0.5494250242919034,0
-0.2744736479470862,-0.3918398735582402,-0.4264439121407561,-0.748702571023379,-0.0979617936899651,-0.08956767698409676,0.751935542502906,-0.3807388797077906,-0.4177976634267247,-0.39888491271824256,0.28677332184928345,0.13771947900981382,1.1235220897242875,-0.1991026497087417,-0.6404096920842132,-0.3077755377564951,-0.48472605623537085,-0.5795963946701608,-0.10346310769199722,-0.17445291191813705,-0.2569717931141484,-0.33107223910365086,-0.238736306412107,-0.2623620566184285,0.14270355351202973,0.141850212622897,-0.6238167661955769,-0.350899070369376,-0.1548124018454042,0.8139088490191423,-0.2626015744782237,-0.17337668609752013,0
-0.38054805864079533,-0.3918398735582402,-0.4264439121407561,0.19314356180023395,-0.4719644974115788,-0.5482387308023622,-0.5751120663811331,-0.38631041770068225,-0.4098754253138621,-0.3800464479800391,-0.3759653721788475,-0.47930569019144925,-0.4275928726484875,1.000869383059288,-0.029139220367976622,-0.6742353001332272,-0.48472605623537085,-0.1712443893343657,-0.7703391780631872,-0.38021390645741626,-0.2569717931141484,-0.33107223910365086,-0.238736306412107,-0.5451889938951708,-0.7548811164042157,-0.5657703882775318,-0.6238167661955769,-0.350899070369376,0.020614706250954608,-0.8367287232907069,-0.5164737614566571,-0.5315179605683614,0
-0.5396596746813591,-0.3918398735582402,-0.4264439121407561,-0.748702571023379,-0.4851868152199187,-0.5737204560144881,-0.6467520949943809,-0.40581080067580305,-0.4415643777653124,-0.5119157011474632,-0.3759653721788475,-0.47930569019144925,-0.4275928726484875,-0.7217848194760351,-0.8431605569002235,-0.6742353001332272,-0.48472605623537085,-0.5795963946701608,-0.5480471546061239,-0.376472797465793,-0.2569717931141484,-0.4776899449924105,-0.238736306412107,-0.535265241710022,-0.6651226494125911,-0.424246268097446,-0.6238167661955769,-0.350899070369376,-0.1548124018454042,-0.5366128010525525,-0.4481235572701558,-0.5136108968448193,0
-0.38054805864079533,-0.3918398735582402,-0.4264439121407561,-0.748702571023379,-0.4474087643389476,-0.4590526925599217,-0.44206629895653016,-0.3946677246900197,-0.4257199015395872,-0.43656184219464944,-0.3218642542990001,-0.3494056545701307,-0.2376606220847299,0.27021636709022934,2.5710114897081335,-0.5826203595390441,-0.48472605623537085,-0.37542039200226324,-0.5480471546061239,-0.3577672525076767,-0.2569717931141484,-0.33107223910365086,-0.238736306412107,-0.34671395019219375,-0.4856057154293421,-0.3534842080074031,-0.23144506108125756,-0.350899070369376,-0.1548124018454042,-0.23649687881439813,-0.3895376679674404,-0.3882614507800249,0
-0.11536203190652243,-0.3918398735582402,-0.4264439121407561,0.19314356180023395,-0.08473947588162523,-0.025863363953782113,0.3175472524354584,-0.32780926877531974,-0.3623419966366867,-0.27748155702077476,0.24619748343939787,0.2189070012731379,0.543169853207934,0.5002701616763894,-0.6404453268723573,-0.4910054189448611,3.6401976380028835,-0.37542039200226324,-0.4369011428775922,-0.21186400183436965,-0.2569717931141484,-0.18445453321489122,0.10548813539139608,-0.23755267615555636,0.052945086520405193,0.9909949337034115,-0.42763091363841726,0.5776996890227531,0.10832826029913402,-0.08643891769532092,-0.17472274052415054,-0.012213112585641563,1
-0.38054805864079533,-0.3918398735582402,-0.4264439121407561,-0.748702571023379,-0.47763120504372447,-0.5609795934084252,-0.6058149357868108,-0.39745349368646554,-0.4257199015395872,-0.4554003069328529,-0.37258405231135705,-0.47118693796511685,-0.4157221069882526,-1.3696225919910558,-0.22714586712879936,0.15029916521442002,-0.48472605623537085,1.2579876293409171,-0.5480471546061239,-0.34280281654118366,-0.2569717931141484,-0.257763386159271,-0.238736306412107,-0.4261039676733846,-0.39584724843771757,-0.5657703882775318,-0.03525920852409787,-0.350899070369376,-0.1548124018454042,-0.08643891769532092,-0.4188306126187981,-0.31663319588585664,2
0.3619728162151688,0.18462963533761148,-0.4264439121407561,0.6640666282120404,0.1645956599327839,0.06969310559168986,0.13560204833741296,0.49677835417264715,0.39819286219812006,0.8444537600031848,-0.30833897482903827,-0.25198062785414177,-0.3748339669175133,1.2622162653449376,0.9281459425836898,0.9748336305620672,-0.48472605623537085,3.50392365868779,-0.7703391780631872,-0.3577672525076767,1.3831128864673283,-0.33107223910365086,-0.238736306412107,-0.500532109062001,-0.4856057154293421,0.21261227271293986,-0.42763091363841726,-0.350899070369376,-0.1548124018454042,-0.23649687881439813,-0.4774165019215135,-0.47779676939773524,2
-0.5396596746813591,-0.3918398735582402,-0.4264439121407561,-0.748702571023379,-0.4851868152199187,-0.5737204560144881,-0.6467520949943809,-0.40581080067580305,-0.4415643777653124,-0.5119157011474632,-0.3759653721788475,-0.47930569019144925,-0.4275928726484875,-1.5720704465514994,-0.8431605569002235,-0.8574651813215932,-0.48472605623537085,-0.5795963946701608,-0.7703391780631872,-0.38021390645741626,-0.2569717931141484,-0.4776899449924105,-0.238736306412107,-0.5650364982654685,-0.8446395833958403,-0.5657703882775318,-0.6238167661955769,-0.350899070369376,-0.1548124018454042,-0.8367287232907069,-0.5262380763404431,-0.5494250242919034,0
0.14982399482775047,0.18462963533761148,-0.4264439121407561,1.6059127610356534,-0.1924069208923928,-0.006752070044687717,-0.19352043054368875,-0.19966389493881134,-0.2672751392823358,-0.11361705534198589,-0.10207846291211994,0.12960072678348142,-0.15286964229617803,1.2622162653449376,3.596454922655461,0.3335290464027861,1.5777357908837564,-0.1712443893343657,0.5634129626791927,-0.13330071301028124,-0.2569717931141484,-0.11114568027051139,1.65449812350716,-0.0093063758971327,0.23246202050365428,1.840139654783926,0.1609266440330618,-0.16517931849095016,-0.1548124018454042,-0.08643891769532092,0.04009218691913932,0.148950460926237,1
-0.5396596746813591,-0.3918398735582402,-0.4264439121407561,-0.748702571023379,-0.4851868152199187,-0.5737204560144881,-0.6467520949943809,-0.40581080067580305,-0.4415643777653124,-0.5119157011474632,-0.3759653721788475,-0.47930569019144925,-0.4275928726484875,-1.4671658131552858,-0.8431605569002235,-0.4910054189448611,-0.48472605623537085,-0.37542039200226324,-0.4369011428775922,-0.376472797465793,-0.2569717931141484,-0.4043810920480307,-0.238736306412107,-0.5154177373397243,-0.6651226494125911,-0.49500832818748886,-0.42763091363841726,-0.350899070369376,-0.1548124018454042,-0.5366128010525525,-0.4676521870377276,-0.5136108968448193,1
-0.5396596746813591,-0.3918398735582402,-0.4264439121407561,-0.748702571023379,-0.4851868152199187,-0.5737204560144881,-0.6467520949943809,-0.40581080067580305,-0.4415643777653124,-0.5119157011474632,-0.3759653721788475,-0.47930569019144925,-0.4275928726484875,-0.7217848194760351,-0.8431605569002235,-0.6742353001332272,-0.48472605623537085,-0.5795963946701608,-0.5480471546061239,-0.376472797465793,-0.2569717931141484,-0.4776899449924105,-0.238736306412107,-0.535265241710022,-0.6651226494125911,-0.424246268097446,-0.6238167661955769,-0.350899070369376,-0.1548124018454042,-0.5366128010525525,-0.4481235572701558,-0.5136108968448193,0
3.4911679316795894,3.6434466887127215,2.0745920050090834,2.07683582744746,1.0070461945784388,0.22258345686444503,-0.22674912267247344,2.379958195770031,1.008205196888538,0.4667048650727294,-1.086042544351845,-0.08148683110116121,-0.5570920048972422,1.2622162653449376,1.353209074742825,1.7077531553155314,1.5777357908837564,1.4621636320088147,1.6748730799645093,0.4054189817834679,1.3831128864673283,-0.257763386159271,2.5150592280159176,1.6975789999484703,1.0402882234282753,5.3782426592860695,-0.42763091363841726,-0.16517931849095016,-0.1548124018454042,-0.08643891769532092,1.172752713438304,1.7068650048743965,7
-0.5396596746813591,-0.3918398735582402,-0.4264439121407561,-0.748702571023379,-0.4851868152199187,-0.5737204560144881,-0.6467520949943809,-0.40581080067580305,-0.4415643777653124,-0.5119157011474632,-0.3759653721788475,-0.47930569019144925,-0.4275928726484875,-1.5720704465514994,-0.8431605569002235,-0.8574651813215932,-0.48472605623537085,-0.5795963946701608,-0.7703391780631872,-0.38021390645741626,-0.2569717931141484,-0.4776899449924105,-0.238736306412107,-0.5650364982654685,-0.8446395833958403,-0.5657703882775318,-0.6238167661955769,-0.350899070369376,-0.1548124018454042,-0.8367287232907069,-0.5262380763404431,-0.5494250242919034,0
-0.009287621212813263,-0.3918398735582402,-0.4264439121407561,-0.2777795046115725,-0.2755186328305292,-0.39534837952960705,-0.23365931514671132,0.014840317787517874,-0.005841281557871022,0.5224893268554974,-0.5112181668784661,-0.42247442460712237,-0.6002583823134938,0.42112918278056244,-0.043195497304826164,-0.4910054189448611,-0.48472605623537085,-0.5795963946701608,-0.3257551311490605,-0.376472797465793,-0.2569717931141484,-0.4043810920480307,-0.238736306412107,-0.500532109062001,-0.6651226494125911,-0.5657703882775318,-0.42763091363841726,-0.16517931849095016,-0.1548124018454042,-0.6866707621716297,-0.4383592423863699,-0.4598897056741932,1
0.3619728162151688,0.7610991442334631,2.0745920050090834,1.6059127610356534,-0.011072276663731624,0.2416947507735394,-0.07590797214033973,0.33241798338234296,0.7388491010512105,0.5974588811276519,-0.42330385032371404,-0.26821813230680663,-0.464524154143232,1.2622162653449376,0.6444361330762473,-0.21616059716231203,1.5777357908837564,-0.1712443893343657,-0.21460911942052888,-0.24553398275897897,-0.2569717931141484,0.03547202561824827,-0.238736306412107,-0.25243830443327964,-0.036813380471219355,0.3541363928930256,0.7494842017045409,-0.350899070369376,-0.1548124018454042,-0.23649687881439813,-0.31142314889715317,-0.15546962237397807,0
-0.5396596746813591,-0.3918398735582402,-0.4264439121407561,-0.748702571023379,-0.4851868152199187,-0.5737204560144881,-0.6467520949943809,-0.40581080067580305,-0.4415643777653124,-0.5119157011474632,-0.3759653721788475,-0.47930569019144925,-0.4275928726484875,-0.7217848194760351,-0.8431605569002235,-0.6742353001332272,-0.48472605623537085,-0.5795963946701608,-0.5480471546061239,-0.376472797465793,-0.2569717931141484,-0.4776899449924105,-0.238736306412107,-0.535265241710022,-0.6651226494125911,-0.424246268097446,-0.6238167661955769,-0.350899070369376,-0.1548124018454042,-0.5366128010525525,-0.4481235572701558,-0.5136108968448193,0
0.14982399482775047,0.7610991442334631,2.0745920050090834,-0.2777795046115725,-0.11685081913045064,-0.05134508916590797,-0.07655477925581936,-0.13559120802055716,0.13675900447365524,0.010178785377233749,-0.04459602516478205,-0.26009938008047423,-0.09521143416191172,0.48554476058930973,-0.12912624357236654,0.24191410580860304,1.5777357908837564,0.03293161333353183,0.22997492749359774,-0.21186400183436965,-0.2569717931141484,-0.037836827326131556,-0.238736306412107,0.19413054389841883,0.052945086520405193,0.3541363928930256,0.5532983491473812,-0.16517931849095016,-0.1548124018454042,-0.23649687881439813,-0.19425137029172235,0.148950460926237,0
0.09678678948089589,0.18462963533761148,-0.4264439121407561,0.19314356180023395,0.11170638869942438,0.20347216295535062,0.348336089875472,0.0036972418017345372,0.3031260048437692,0.34016312973326923,0.19547768542704091,0.5111820814211046,0.18968694168372466,0.5002701616763894,-0.6240542226820648,-0.3993904783506781,1.5777357908837564,0.23710761600142938,-0.6591931663346555,-0.3240972715830674,-0.2569717931141484,-0.4043810920480307,-0.06662408551035545,-0.4707608525065545,-0.306088781446093,0.07108815253285412,-0.42763091363841726,-0.350899070369376,-0.1548124018454042,-0.5366128010525525,-0.4188306126187981,-0.44198264195065107,0
-0.009287621212813263,-0.3918398735582402,-0.4264439121407561,1.134989694623847,0.005927846232705362,0.33088078901597995,0.3208549748994301,-0.13001967002766548,-0.053374710235046446,0.16626902942786084,0.1684271264871172,0.5842508514580963,0.2673882253893579,1.2622162653449376,0.20375358453394035,0.05868422462023701,-0.48472605623537085,0.6454596213372245,-0.3257551311490605,-0.3240972715830674,-0.2569717931141484,-0.11114568027051139,-0.238736306412107,-0.12839140211891895,-0.306088781446093,-0.5657703882775318,0.35711249659022154,-0.16517931849095016,-0.1548124018454042,-0.23649687881439813,-0.3504804084322968,-0.15546962237397807,2
-0.2744736479470862,-0.3918398735582402,-0.4264439121407561,-0.748702571023379,-0.01485008175182873,0.14613828122806743,1.0521400121197801,-0.30552311680375305,-0.18013052004084756,-0.059792547430580524,0.3442557595966213,0.4381133113841129,1.2580558511048612,-0.19726036418341153,-0.696011640217091,-0.3077755377564951,1.5777357908837564,-0.37542039200226324,-0.21460911942052888,-0.30165061763332784,-0.2569717931141484,-0.4776899449924105,0.2776003562931476,-0.25740018052585406,-0.21633031445446846,0.3541363928930256,-0.6238167661955769,-0.350899070369376,-0.1548124018454042,0.2136770045428335,-0.24307294471065186,-0.2987261321623146,0
-0.5396596746813591,-0.3918398735582402,-0.4264439121407561,-0.748702571023379,-0.4851868152199187,-0.5737204560144881,-0.6467520949943809,-0.40581080067580305,-0.4415643777653124,-0.5119157011474632,-0.3759653721788475,-0.47930569019144925,-0.4275928726484875,-0.7217848194760351,-0.8431605569002235,-0.6742353001332272,-0.48472605623537085,-0.5795963946701608,-0.5480471546061239,-0.376472797465793,-0.2569717931141484,-0.4776899449924105,-0.238736306412107,-0.535265241710022,-0.6651226494125911,-0.424246268097446,-0.6238167661955769,-0.350899070369376,-0.1548124018454042,-0.5366128010525525,-0.4481235572701558,-0.5136108968448193,0
-0.5396596746813591,-0.3918398735582402,-0.4264439121407561,-0.748702571023379,-0.4851868152199187,-0.5737204560144881,-0.6467520949943809,-0.40581080067580305,-0.4415643777653124,-0.5119157011474632,-0.3759653721788475,-0.47930569019144925,-0.4275928726484875,-1.4671658131552858,-0.8431605569002235,0.9748336305620672,-0.48472605623537085,-0.1712443893343657,1.3414350447789143,0.1285769164033468,-0.2569717931141484,-0.11114568027051139,4.580405878836936,1.4147520626717278,0.681254355461777,-0.5657703882775318,0.35711249659022154,2.2491774559285855,-0.1548124018454042,-0.5366128010525525,1.1434597687869463,0.7577906275266673,1
-0.5396596746813591,-0.3918398735582402,-0.4264439121407561,-0.748702571023379,-0.4851868152199187,-0.5737204560144881,-0.6467520949943809,-0.40581080067580305,-0.4415643777653124,-0.5119157011474632,-0.3759653721788475,-0.47930569019144925,-0.4275928726484875,-1.1358855146657918,-0.8431605569002235,-0.4910054189448611,-0.48472605623537085,-0.5795963946701608,-0.3257551311490605,-0.376472797465793,-0.2569717931141484,-0.4776899449924105,-0.238736306412107,-0.5203796134322988,-0.6651226494125911,-0.424246268097446,-0.6238167661955769,-0.350899070369376,-0.1548124018454042,-0.5366128010525525,-0.4481235572701558,-0.5136108968448193,0
-0.5396596746813591,-0.3918398735582402,-0.4264439121407561,-0.748702571023379,-0.4851868152199187,-0.5737204560144881,-0.6467520949943809,-0.40581080067580305,-0.4415643777653124,-0.5119157011474632,-0.3759653721788475,-0.47930569019144925,-0.4275928726484875,-1.2923238986205592,-0.8431605569002235,-0.8574651813215932,-0.48472605623537085,-0.5795963946701608,-0.7703391780631872,-0.38021390645741626,-0.2569717931141484,-0.4776899449924105,-0.238736306412107,-0.5650364982654685,-0.8446395833958403,-0.5657703882775318,-0.6238167661955769,-0.350899070369376,-0.1548124018454042,-0.8367287232907069,-0.5262380763404431,-0.5494250242919034,0
-0.5396596746813591,-0.3918398735582402,-0.4264439121407561,-0.748702571023379,-0.4851868152199187,-0.5737204560144881,-0.6467520949943809,-0.40581080067580305,-0.4415643777653124,-0.5119157011474632,-0.3759653721788475,-0.47930569019144925,-0.4275928726484875,0.2812571971266486,-0.8431605569002235,-0.8574651813215932,-0.48472605623537085,-0.5795963946701608,-0.7703391780631872,-0.3689905794825465,-0.2569717931141484,-0.4776899449924105,-0.238736306412107,-0.5054939851545754,-0.5753641824209667,-0.3534842080074031,-0.6238167661955769,-0.350899070369376,-0.1548124018454042,-0.38655483993347534,-0.49694513168908533,-0.4957038331212773,1
-0.5396596746813591,-0.3918398735582402,-0.4264439121407561,-0.748702571023379,-0.4851868152199187,-0.5737204560144881,-0.6467520949943809,-0.40581080067580305,-0.4415643777653124,-0.5119157011474632,-0.3759653721788475,-0.47930569019144925,-0.4275928726484875,-1.5720704465514994,-0.8431605569002235,-0.8574651813215932,-0.48472605623537085,-0.5795963946701608,-0.7703391780631872,-0.38021390645741626,-0.2569717931141484,-0.4776899449924105,-0.238736306412107,-0.5650364982654685,-0.8446395833958403,-0.5657703882775318,-0.6238167661955769,-0.350899070369376,-0.1548124018454042,-0.8367287232907069,-0.5262380763404431,-0.5494250242919034,0
-0.5396596746813591,-0.3918398735582402,-0.4264439121407561,-0.748702571023379,-0.4851868152199187,-0.5737204560144881,-0.6467520949943809,-0.40581080067580305,-0.4415643777653124,-0.5119157011474632,-0.3759653721788475,-0.47930569019144925,-0.4275928726484875,-1.5720704465514994,-0.8431605569002235,-0.8574651813215932,-0.48472605623537085,-0.5795963946701608,-0.7703391780631872,-0.38021390645741626,-0.2569717931141484,-0.4776899449924105,-0.238736306412107,-0.5650364982654685,-0.8446395833958403,-0.5657703882775318,-0.6238167661955769,-0.350899070369376,-0.1548124018454042,-0.8367287232907069,-0.5262380763404431,-0.5494250242919034,0
-0.2744736479470862,-0.3918398735582402,-0.4264439121407561,-0.748702571023379,-0.13762874711498474,-0.013122501347719182,0.6086554852764106,-0.3445238827539947,-0.33857528229809897,-0.2356179671409495,0.17180844635460765,0.23514450572580273,0.8544498186568763,-0.19726036418341153,-0.8287226882782306,0.05868422462023701,-0.48472605623537085,-0.37542039200226324,0.22997492749359774,-0.3240972715830674,-0.2569717931141484,-0.18445453321489122,-0.238736306412107,-0.3318283219144705,-0.306088781446093,-0.3534842080074031,-0.23144506108125756,-0.16517931849095016,-0.1548124018454042,-0.08643891769532092,-0.3016588340133673,-0.2808190684387725,0
-0.5396596746813591,-0.3918398735582402,2.0745920050090834,-0.748702571023379,-0.4851868152199187,-0.5737204560144881,-0.6467520949943809,-0.40581080067580305,-0.4415643777653124,-0.5119157011474632,-0.3759653721788475,-0.47930569019144925,-0.4275928726484875,-0.7530727539293,-0.8431605569002235,-0.03293071597394601,-0.48472605623537085,0.03293161333353183,-0.10346310769199722,-0.3689905794825465,-0.2569717931141484,-0.4776899449924105,-0.238736306412107,-0.4261039676733846,-0.5753641824209667,-0.5657703882775318,-0.6238167661955769,-0.16517931849095016,-0.1548124018454042,-0.5366128010525525,-0.27236588936200956,-0.40616851450356695,0
0.09678678948089589,-0.3918398735582402,2.0745920050090834,-0.2777795046115725,-0.15462887001142173,0.17799043774322476,-0.09567652632167539,-0.155091590995678,-0.18805275815371014,0.009765092691582801,-0.08855318344215808,0.3894007980261185,-0.11712676689321089,0.27021636709022934,2.665368815289755,0.6999888087795182,-0.48472605623537085,-0.37542039200226324,1.0079970095933193,-0.21186400183436965,-0.2569717931141484,-0.257763386159271,-0.238736306412107,0.3677962071385238,0.052945086520405193,-0.49500832818748886,-0.03525920852409787,0.39197993714432733,-0.1548124018454042,0.0636190434237563,0.5966581352949358,0.11313633347915289,0
0.25589840552145965,-0.10360511911031435,-0.4264439121407561,0.6640666282120404,0.10603968106727872,0.12702698731897305,0.15408108200371012,0.20984414753872627,0.0654588614578921,0.5289094756382772,-0.06488394436972483,-0.10584308778015844,-0.15456526246308597,1.2622162653449376,1.2852843773081088,-0.7658502407274101,-0.48472605623537085,-0.37542039200226324,-0.7703391780631872,-0.3577672525076767,-0.2569717931141484,-0.257763386159271,-0.238736306412107,-0.4955702329694266,-0.4856057154293421,0.21261227271293986,-0.23144506108125756,-0.350899070369376,-0.1548124018454042,-0.23649687881439813,-0.4774165019215135,-0.47779676939773524,2
-0.4335852639876499,-0.3918398735582402,-0.4264439121407561,-0.748702571023379,-0.3812971752972482,-0.2679397534689778,0.10376112590576494,-0.3500954207468864,-0.3306530441852364,-0.009556390282508166,-0.2576191768166813,-0.20326811449614735,0.12637777426456018,0.27021636709022934,0.02945155818898923,-0.03293071597394601,-0.48472605623537085,0.23710761600142938,-0.21460911942052888,-0.275462854691965,-0.2569717931141484,1.061795966839566,-0.238736306412107,-0.10854389774862125,-0.1265718474628439,-0.5657703882775318,1.7304134644903393,-0.16517931849095016,0.10832826029913402,0.2136770045428335,-0.07707959168629151,-0.08384136747980982,0
-0.32751085329394075,-0.3918398735582402,-0.4264439121407561,-0.2777795046115725,-0.4322975439865592,-0.49090484907507903,-0.41750400343198807,-0.3528811897433322,-0.34649752041096155,-0.22557103712677087,-0.34553349337143335,-0.40623692015445756,-0.3421233598947966,0.2812571971266486,1.8500748077523603,0.05868422462023701,-0.48472605623537085,-0.1712443893343657,0.22997492749359774,-0.24553398275897897,-0.2569717931141484,0.3287074373957676,-0.238736306412107,0.14451178297267456,-0.036813380471219355,-0.5657703882775318,1.1418559068188603,0.20626018526590148,0.020614706250954608,-0.08643891769532092,0.11820670598942655,0.18476458837332113,2
-0.2214364426002316,-0.10360511911031435,-0.4264439121407561,1.134989694623847,-0.10740630641020787,0.6366614915614902,0.5228798555887888,0.1792006885778221,1.1428832448072015,1.7487000674369504,-0.4097785708537522,-0.47930569019144925,-0.4954257514454543,1.2622162653449376,-0.6176519388961712,-0.3993904783506781,-0.48472605623537085,-0.1712443893343657,-0.4369011428775922,-0.34280281654118366,-0.2569717931141484,-0.4776899449924105,-0.238736306412107,-0.07381076510060025,-0.39584724843771757,-0.5657703882775318,-0.6238167661955769,-0.350899070369376,-0.1548124018454042,-0.08643891769532092,-0.22354431494308005,-0.030120176309183625,0
4.498874833269826,3.06697717981687,-0.4264439121407561,0.19314356180023395,7.450092772328056,6.198048019107959,1.1446743667925716,3.2574754296504684,2.410441342865213,0.5202739234022847,9.382523765398632,8.1509279263999,0.9998666979947531,0.5002701616763894,0.4192901514456616,2.7155175018515445,-0.48472605623537085,0.4412836186693269,3.4532092676210153,7.161861820655072,-0.2569717931141484,1.868193349227744,-0.238736306412107,7.091138312576874,4.899902304068131,0.141850212622897,4.280829547733415,8.749368771673488,0.4591824764918517,0.8139088490191423,9.325955641399533,9.012947004079559,3
-0.5396596746813591,-0.3918398735582402,-0.4264439121407561,-0.748702571023379,-0.4851868152199187,-0.5737204560144881,-0.6467520949943809,-0.40581080067580305,-0.4415643777653124,-0.5119157011474632,-0.3759653721788475,-0.47930569019144925,-0.4275928726484875,-1.5720704465514994,-0.8431605569002235,-0.8574651813215932,-0.48472605623537085,-0.5795963946701608,-0.7703391780631872,-0.38021390645741626,-0.2569717931141484,-0.4776899449924105,-0.238736306412107,-0.5650364982654685,-0.8446395833958403,-0.5657703882775318,-0.6238167661955769,-0.350899070369376,-0.1548124018454042,-0.8367287232907069,-0.5262380763404431,-0.5494250242919034,0
0.14982399482775047,0.18462963533761148,2.0745920050090834,-0.2777795046115725,-0.10173959877806221,-0.2870510473780722,-0.053163286484613756,-0.19966389493881134,-0.31480856795951123,-0.11361705534198589,0.06022489072742234,-0.1707931055908177,0.009929836613293986,0.48554476058930973,-0.22996969950022014,0.4251439869969691,-0.48472605623537085,-0.1712443893343657,0.785704986136256,-0.275462854691965,-0.2569717931141484,0.1087808785626281,-0.238736306412107,0.010541128473165011,-0.1265718474628439,-0.21196008782731737,0.1609266440330618,-0.16517931849095016,-0.1548124018454042,0.0636190434237563,0.06938513157049703,-0.030120176309183625,0
1.0514564857242783,1.049333898681389,-0.4264439121407561,0.6640666282120404,5.115409227884044,4.318770784713677,3.2686906848455073,5.923456359249132,3.0600648681199436,5.010791227661945,1.967289295992044,4.546201937908312,0.6338814960771846,1.2622162653449376,1.420424070934671,0.15029916521442002,-0.48472605623537085,-0.37542039200226324,0.45226695095066105,-0.13330071301028124,-0.2569717931141484,1.7215756433389844,-0.238736306412107,0.6555850205078406,0.23246202050365428,1.274043174063583,3.1037144323904573,0.5776996890227531,-0.1548124018454042,-0.08643891769532092,0.23537848459485738,0.5070917353970783,4
-0.5396596746813591,-0.3918398735582402,-0.4264439121407561,-0.748702571023379,-0.4851868152199187,-0.5737204560144881,-0.6467520949943809,-0.40581080067580305,-0.4415643777653124,-0.5119157011474632,-0.3759653721788475,-0.47930569019144925,-0.4275928726484875,-0.2892844586409879,-0.8431605569002235,-0.21616059716231203,1.5777357908837564,0.23710761600142938,-0.4369011428775922,-0.275462854691965,-0.2569717931141484,-0.257763386159271,-0.06662408551035545,-0.41618021548823575,-0.1265718474628439,0.28337433280298274,-0.03525920852409787,-0.350899070369376,-0.1548124018454042,-0.08643891769532092,-0.3504804084322968,-0.3703543870564828,1
-0.5396596746813591,-0.3918398735582402,-0.4264439121407561,-0.748702571023379,-0.4851868152199187,-0.5737204560144881,-0.6467520949943809,-0.40581080067580305,-0.4415643777653124,-0.5119157011474632,-0.3759653721788475,-0.47930569019144925,-0.4275928726484875,0.17819227263265294,-0.8431605569002235,-0.5826203595390441,-0.48472605623537085,-0.1712443893343657,-0.6591931663346555,-0.30165061763332784,1.3831128864673283,-0.4043810920480307,-0.238736306412107,-0.34671395019219375,-0.21633031445446846,-0.5657703882775318,-0.6238167661955769,-0.16517931849095016,-0.1548124018454042,-0.08643891769532092,-0.27236588936200956,-0.31663319588585664,1
-0.11536203190652243,-0.10360511911031435,-0.4264439121407561,1.134989694623847,-0.3869638829293939,-0.47816398646901614,-0.41022619526806625,-0.3361665757646572,-0.3702642347495492,-0.30259925882551614,-0.284669735756605,-0.41435567238078996,-0.2851436847256693,1.2622162653449376,0.4409465201732491,-0.3993904783506781,1.5777357908837564,-0.37542039200226324,-0.3257551311490605,-0.275462854691965,-0.2569717931141484,-0.33107223910365086,1.3102736817036569,-0.34175207409961933,-0.1265718474628439,-0.3534842080074031,-0.23144506108125756,-0.16517931849095016,-0.1548124018454042,-0.08643891769532092,-0.27236588936200956,-0.20919081354460425,1
-0.5396596746813591,-0.3918398735582402,-0.4264439121407561,-0.748702571023379,-0.4851868152199187,-0.5737204560144881,-0.6467520949943809,-0.40581080067580305,-0.4415643777653124,-0.5119157011474632,-0.3759653721788475,-0.47930569019144925,-0.4275928726484875,-1.4671658131552858,-0.8431605569002235,-0.3077755377564951,-0.48472605623537085,-0.1712443893343657,-0.3257551311490605,-0.275462854691965,-0.2569717931141484,-0.4776899449924105,-0.238736306412107,0.7349750379890314,-0.1265718474628439,-0.5657703882775318,-0.6238167661955769,0.9491391927796049,-0.1548124018454042,-0.6866707621716297,0.45995772692193315,0.6324411814618728,0
-0.5396596746813591,-0.3918398735582402,-0.4264439121407561,-0.748702571023379,-0.4851868152199187,-0.5737204560144881,-0.6467520949943809,-0.40581080067580305,-0.4415643777653124,-0.5119157011474632,-0.3759653721788475,-0.47930569019144925,-0.4275928726484875,-1.5720704465514994,-0.8431605569002235,-0.8574651813215932,-0.48472605623537085,-0.5795963946701608,-0.7703391780631872,-0.38021390645741626,-0.2569717931141484,-0.4776899449924105,-0.238736306412107,-0.5650364982654685,-0.8446395833958403,-0.5657703882775318,-0.6238167661955769,-0.350899070369376,-0.1548124018454042,-0.8367287232907069,-0.5262380763404431,-0.5494250242919034,0
-0.32751085329394075,-0.3918398735582402,-0.4264439121407561,-0.748702571023379,-0.37185266257700544,-0.39534837952960705,-0.15550618450353912,-0.4002392626829114,-0.4336421396524498,-0.4817741575663377,-0.1798488198644006,-0.25198062785414177,0.12321065398640949,-0.2083011942198308,-0.8363872520848294,-0.4910054189448611,-0.48472605623537085,-0.5795963946701608,-0.3257551311490605,-0.38021390645741626,-0.2569717931141484,-0.4776899449924105,-0.238736306412107,-0.5303033656174476,-0.7548811164042157,-0.49500832818748886,-0.6238167661955769,-0.350899070369376,-0.1548124018454042,-0.6866707621716297,-0.4578878721539417,-0.5315179605683614,0
2.430423824742497,1.049333898681389,-0.4264439121407561,1.6059127610356534,1.2752703558333336,0.6430319228645217,0.022607301492677805,0.46892066420818884,-0.20389723437943527,-0.09680862356397123,1.7136903059302593,1.0064259672273814,0.08722324081084155,1.2622162653449376,1.6168885398892565,1.7993680959097145,-0.48472605623537085,-0.37542039200226324,2.4528951620642307,0.6523321752306028,-0.2569717931141484,0.47532514328452724,-0.238736306412107,1.9952915655029357,1.3095636244031488,-0.5657703882775318,1.1418559068188603,3.734935470955992,-0.1548124018454042,-0.8367287232907069,2.7643360394954057,2.458961681263163,2
-0.32751085329394075,-0.3918398735582402,-0.4264439121407561,0.19314356180023395,-0.3321857091519858,-0.3316440664992924,0.016429884168255467,-0.3918819556935739,-0.4177976634267247,-0.43656184219464944,-0.11898506224957225,-0.1707931055908177,0.2941496794937913,0.5002701616763894,-0.7874951249430889,-0.21616059716231203,-0.48472605623537085,0.849635624005122,-0.7703391780631872,-0.3577672525076767,6.303366925211758,-0.33107223910365086,-0.238736306412107,-0.4955702329694266,-0.4856057154293421,-0.3534842080074031,-0.23144506108125756,-0.350899070369376,-0.1548124018454042,-0.5366128010525525,-0.4871808168052994,-0.4598897056741932,1
-0.168399237253377,-0.3918398735582402,-0.4264439121407561,-0.748702571023379,-0.2944076582710147,-0.025863363953782113,-0.12992045999880777,-0.36402426572911556,-0.3623419966366867,-0.37062721561093737,-0.08517186357466762,0.13771947900981382,0.08285005074161102,0.17819227263265294,1.8583456720258114,0.15029916521442002,-0.48472605623537085,0.4412836186693269,0.11882891576506607,0.33059680195100277,4.663282245630282,-0.18445453321489122,-0.238736306412107,-0.08373451728574911,0.9505297564366507,-0.5657703882775318,-0.23144506108125756,-0.350899070369376,-0.1548124018454042,-0.23649687881439813,-0.16495842564036464,0.09522926975561082,0
-0.4335852639876499,-0.3918398735582402,-0.4264439121407561,-0.2777795046115725,-0.47763120504372447,-0.5609795934084252,-0.5921693525081514,-0.3946677246900197,-0.4257199015395872,-0.411444140389908,-0.3759653721788475,-0.47930569019144925,-0.4275928726484875,0.22972473487965075,1.4455091650761256,-0.21616059716231203,-0.48472605623537085,0.23710761600142938,-0.4369011428775922,-0.17445291191813705,-0.2569717931141484,0.4020162903401474,-0.238736306412107,0.13458803078752568,0.14270355351202973,-0.5657703882775318,1.7304134644903393,0.39197993714432733,-0.1548124018454042,0.2136770045428335,0.11820670598942655,0.3817422893322838,0
-0.168399237253377,-0.10360511911031435,-0.4264439121407561,-0.2777795046115725,-0.3775193702091511,-0.3380144978023239,-0.3550748356404436,-0.24702196787839054,-0.10883037702508444,0.024980543891334986,-0.3759653721788475,-0.21138686672247975,-0.4275928726484875,0.4873870461146399,-0.7689353893600255,-0.8574651813215932,-0.48472605623537085,-0.5795963946701608,-0.7703391780631872,-0.38021390645741626,1.3831128864673283,-0.4776899449924105,-0.238736306412107,-0.5501508699877453,-0.7548811164042157,-0.2827221479173602,-0.6238167661955769,-0.350899070369376,-0.1548124018454042,-0.6866707621716297,-0.5164737614566571,-0.5315179605683614,0
0.09678678948089589,-0.3918398735582402,-0.4264439121407561,-0.748702571023379,0.7350442282354472,1.2418524653494794,1.3875095014959573,-0.3445238827539947,-0.3861087109752744,-0.3843936121030269,1.733978225135202,1.834538694313287,1.8515941341166036,-0.19726036418341153,-0.6570858745796587,0.9748336305620672,1.5777357908837564,0.4412836186693269,1.119143021321851,0.0687191725373747,-0.2569717931141484,-0.11114568027051139,0.2776003562931476,0.5811568791192242,0.5914958884701524,0.3541363928930256,-0.42763091363841726,-0.350899070369376,-0.1548124018454042,0.3637349656619107,0.8212373776220115,0.972675392209172,1
-0.4335852639876499,-0.3918398735582402,-0.4264439121407561,-0.748702571023379,-0.04318361991255704,0.1716200064401933,2.5463463231960906,-0.40581080067580305,-0.4415643777653124,-0.5119157011474632,0.41526347681392106,0.4705883202894426,3.2760860133447856,-0.19726036418341153,-0.828187956839668,-0.12454565656812903,-0.48472605623537085,0.23710761600142938,-0.3257551311490605,-0.3577672525076767,-0.2569717931141484,-0.257763386159271,-0.238736306412107,-0.44098959595110787,-0.4856057154293421,-0.5657703882775318,-0.03525920852409787,-0.16517931849095016,-0.1548124018454042,-0.38655483993347534,-0.428594927502584,-0.4598897056741932,0
0.09678678948089589,0.4728643897855373,2.0745920050090834,2.07683582744746,-0.19051801834834425,-0.24245802825685192,-0.15550618450353912,-0.08266159708808632,0.03376990900644183,0.16047281059721044,-0.24071257747922897,-0.29257438898580385,-0.2814912875473283,1.2622162653449376,1.4780326469276646,0.15029916521442002,1.5777357908837564,-0.5795963946701608,0.45226695095066105,-0.3689905794825465,-0.2569717931141484,-0.11114568027051139,-0.238736306412107,-0.2970951892664495,-0.5753641824209667,0.0003260924428112482,0.35711249659022154,-0.350899070369376,-0.1548124018454042,-0.5366128010525525,-0.2626015744782237,-0.20919081354460425,1
0.14982399482775047,-0.3918398735582402,-0.4264439121407561,1.6059127610356534,-0.22262936159716967,-0.3634962230144497,-0.24030464420087613,-0.2108069709245947,-0.283119615508061,-0.1351464063833943,-0.14265430132200552,-0.27633688453313904,-0.1935692746082328,1.2622162653449376,1.085981103382042,-0.6742353001332272,1.5777357908837564,-0.37542039200226324,-0.5480471546061239,-0.34280281654118366,-0.2569717931141484,-0.4043810920480307,-0.06662408551035545,-0.4112183393956613,-0.39584724843771757,0.4956605130731114,-0.6238167661955769,-0.350899070369376,-0.0670988477972248,-0.23649687881439813,-0.4383592423863699,-0.3703543870564828,1
-0.11536203190652243,-0.10360511911031435,2.0745920050090834,1.6059127610356534,-0.3454080269603257,-0.2615693221659463,-0.3101577658147135,-0.12166236303832799,-0.045452472122183875,0.3420921885224612,-0.4706423284685805,-0.47930569019144925,-0.5753179036613404,1.2622162653449376,-0.4688455553863352,-0.7658502407274101,-0.48472605623537085,-0.37542039200226324,-0.7703391780631872,-0.3577672525076767,-0.2569717931141484,-0.037836827326131556,-0.238736306412107,-0.49060835687685217,-0.4856057154293421,0.0003260924428112482,0.1609266440330618,-0.350899070369376,-0.1548124018454042,-0.23649687881439813,-0.4871808168052994,-0.47779676939773524,0
-0.4866224693345045,-0.3918398735582402,-0.4264439121407561,-0.748702571023379,-0.4814090101318216,-0.5609795934084252,-0.6058149357868108,-0.4002392626829114,-0.4257199015395872,-0.43656184219464944,-0.3759653721788475,-0.47930569019144925,-0.4275928726484875,0.27021636709022934,0.6883238183737475,-0.5826203595390441,-0.48472605623537085,-0.37542039200226324,-0.5480471546061239,0.4839822706075563,-0.2569717931141484,0.3287074373957676,-0.238736306412107,-0.20281954350753537,1.1300466904198998,-0.5657703882775318,0.9456700542617006,-0.350899070369376,0.10832826029913402,1.264082732376374,-0.25283725959443776,-0.08384136747980982,0
-0.5396596746813591,-0.3918398735582402,-0.4264439121407561,-0.748702571023379,-0.4851868152199187,-0.5737204560144881,-0.6467520949943809,-0.40581080067580305,-0.4415643777653124,-0.5119157011474632,-0.3759653721788475,-0.47930569019144925,-0.4275928726484875,-1.2923238986205592,-0.8431605569002235,-0.6742353001332272,-0.48472605623537085,-0.5795963946701608,-0.5480471546061239,-0.376472797465793,-0.2569717931141484,-0.4776899449924105,-0.238736306412107,-0.43602771985853345,-0.6651226494125911,-0.424246268097446,-0.6238167661955769,-0.350899070369376,-0.1548124018454042,-0.5366128010525525,-0.3504804084322968,-0.5136108968448193,0
-0.5396596746813591,-0.3918398735582402,-0.4264439121407561,-0.748702571023379,-0.4851868152199187,-0.5737204560144881,-0.6467520949943809,-0.40581080067580305,-0.4415643777653124,-0.5119157011474632,-0.3759653721788475,-0.47930569019144925,-0.4275928726484875,-0.7217848194760351,-0.8431605569002235,-0.6742353001332272,-0.48472605623537085,-0.5795963946701608,-0.5480471546061239,-0.376472797465793,-0.2569717931141484,-0.4776899449924105,-0.238736306412107,-0.535265241710022,-0.6651226494125911,-0.424246268097446,-0.6238167661955769,-0.350899070369376,-0.1548124018454042,-0.5366128010525525,-0.4481235572701558,-0.5136108968448193,0
-0.11536203190652243,0.18462963533761148,-0.4264439121407561,1.134989694623847,-0.33029680660793725,-0.14053112740834847,-0.2737691343666964,-0.155091590995678,0.16844795692510553,0.2416228883806746,-0.40301593111877126,-0.47118693796511685,-0.46980004471632947,1.2622162653449376,-0.43399533148538616,-0.4910054189448611,-0.48472605623537085,-0.37542039200226324,-0.4369011428775922,-0.3577672525076767,-0.2569717931141484,-0.33107223910365086,-0.238736306412107,-0.41618021548823575,-0.4856057154293421,0.28337433280298274,-0.42763091363841726,-0.350899070369376,-0.0670988477972248,-0.23649687881439813,-0.3895376679674404,-0.3882614507800249,0
0.3089356108683142,0.18462963533761148,2.0745920050090834,1.6059127610356534,-0.27362973028648063,-0.12779026480228556,-0.37704826521669893,-0.02973198615561547,0.23974809994086865,0.08648285649144255,-0.4537357291311282,-0.4468306812861196,-0.49183460741792,1.2622162653449376,-0.10415494119137202,-0.21616059716231203,-0.48472605623537085,-0.5795963946701608,0.007682904036534425,-0.3577672525076767,-0.2569717931141484,0.1087808785626281,-0.238736306412107,-0.2921333131738751,-0.4856057154293421,-0.424246268097446,-0.6238167661955769,-0.350899070369376,-0.1548124018454042,-0.38655483993347534,-0.23330862982686595,-0.2987261321623146,1
0.09678678948089589,0.4728643897855373,2.0745920050090834,2.07683582744746,-0.09985069623401366,0.07606353689472133,-0.004353911561427889,0.03991223875553038,0.4932597195524709,0.415516988686083,-0.2271872980092671,-0.1545556011381529,-0.2668807491727112,1.2622162653449376,0.009019948146355107,-0.3077755377564951,-0.48472605623537085,-0.37542039200226324,-0.21460911942052888,-0.34280281654118366,-0.2569717931141484,-0.257763386159271,-0.06662408551035545,-0.2970951892664495,-0.39584724843771757,0.8494708135233258,-0.03525920852409787,-0.16517931849095016,-0.1548124018454042,-0.23649687881439813,-0.31142314889715317,-0.3703543870564828,0
-0.4866224693345045,-0.3918398735582402,-0.4264439121407561,-0.748702571023379,-0.46629778977943315,-0.5100161429841734,-0.44206629895653016,-0.40581080067580305,-0.4415643777653124,-0.5119157011474632,-0.3421521735039429,-0.39811816792812516,-0.1901775594437905,-1.2923238986205592,-0.7490469852475884,-0.3077755377564951,-0.48472605623537085,-0.5795963946701608,-0.10346310769199722,-0.3689905794825465,-0.2569717931141484,-0.4776899449924105,-0.238736306412107,-0.49060835687685217,-0.5753641824209667,-0.424246268097446,-0.6238167661955769,-0.16517931849095016,-0.1548124018454042,-0.5366128010525525,-0.3895376679674404,-0.4957038331212773,0
-0.4866224693345045,-0.3918398735582402,-0.4264439121407561,-0.748702571023379,-0.4719644974115788,-0.5291274368932678,-0.5034720377678854,-0.4030250316793572,-0.4336421396524498,-0.4742387716710563,-0.35567745297390474,-0.43059317683345477,-0.2851436847256693,-0.7751582789368069,-0.42392775520466863,-0.8574651813215932,-0.48472605623537085,-0.5795963946701608,-0.7703391780631872,-0.38021390645741626,-0.2569717931141484,1.3550313786170853,-0.238736306412107,-0.5650364982654685,-0.8446395833958403,-0.5657703882775318,-0.6238167661955769,-0.350899070369376,-0.1548124018454042,-0.8367287232907069,-0.5262380763404431,-0.5494250242919034,1
0.3619728162151688,-0.3918398735582402,-0.4264439121407561,1.134989694623847,-0.21507375142097546,0.01872965516743814,-0.32152928989939233,-0.171806204974353,-0.17220828192798499,-0.16026410818813575,-0.17646749999691014,-0.000299308837837131,-0.27195383958526914,1.2622162653449376,1.5605915636615675,-0.8574651813215932,1.5777357908837564,-0.5795963946701608,-0.7703391780631872,-0.38021390645741626,-0.2569717931141484,4.067458937559139,0.2776003562931476,-0.5650364982654685,-0.8446395833958403,-0.21196008782731737,-0.42763091363841726,-0.350899070369376,5.19571439509354,-0.8367287232907069,-0.5262380763404431,-0.5494250242919034,1
-0.5396596746813591,-0.3918398735582402,-0.4264439121407561,-0.748702571023379,-0.4851868152199187,-0.5737204560144881,-0.6467520949943809,-0.40581080067580305,-0.4415643777653124,-0.5119157011474632,-0.3759653721788475,-0.47930569019144925,-0.4275928726484875,-1.5407838004097907,-0.8431605569002235,-0.7658502407274101,-0.48472605623537085,-0.5795963946701608,-0.6591931663346555,-0.376472797465793,-0.2569717931141484,-0.4776899449924105,-0.238736306412107,-0.5303033656174476,-0.6651226494125911,-0.424246268097446,-0.6238167661955769,-0.350899070369376,-0.1548124018454042,-0.5366128010525525,-0.49694513168908533,-0.5136108968448193,0
0.14982399482775047,0.18462963533761148,-0.4264439121407561,-0.2777795046115725,0.10415077852323017,0.2926582011977911,0.2655611539577651,0.5357791201228889,1.4756172455474295,1.3073449801644248,-0.4638796887335996,0.12960072678348142,-0.5157755676014817,-0.7733172817230329,-0.4990932020286695,0.6083738681853351,1.5777357908837564,-0.5795963946701608,1.0079970095933193,-0.08840740511080214,-0.2569717931141484,-0.037836827326131556,4.752518099738688,0.41741496806426803,0.3222204874952788,0.6371846332531971,0.5532983491473812,1.1348589446580306,-0.1548124018454042,-0.5366128010525525,0.6259510799462935,0.32802109816165764,1
-0.38054805864079533,-0.3918398735582402,-0.4264439121407561,-0.748702571023379,0.015372358952948133,0.2671764759856653,2.0653347025071414,-0.39745349368646554,-0.4177976634267247,-0.4554003069328529,0.5099404331036541,0.5923696036844287,2.682547730333043,-0.19726036418341153,-0.82816373117277,0.6999888087795182,-0.48472605623537085,-0.37542039200226324,1.119143021321851,-0.3577672525076767,-0.2569717931141484,-0.257763386159271,-0.238736306412107,-0.12342952602634454,-0.4856057154293421,-0.3534842080074031,-0.03525920852409787,-0.350899070369376,-0.1548124018454042,-0.23649687881439813,0.049856501802925224,-0.22709787726814631,0
-0.4335852639876499,-0.10360511911031435,-0.4264439121407561,-0.748702571023379,-0.45874217960323893,-0.49090484907507903,-0.45571188223518955,-0.36402426572911556,-0.3306530441852364,-0.1351464063833943,-0.379346692046338,-0.47930569019144925,-0.4434205443677797,0.27021636709022934,-0.173367282231296,-0.5826203595390441,-0.48472605623537085,-0.37542039200226324,-0.5480471546061239,-0.30165061763332784,-0.2569717931141484,0.25539858445138774,-0.238736306412107,-0.22266704787783306,-0.21633031445446846,-0.21196008782731737,1.3380417593760199,-0.350899070369376,-0.1548124018454042,0.2136770045428335,-0.3016588340133673,-0.3345402596093987,0
-0.4866224693345045,-0.3918398735582402,-0.4264439121407561,-0.748702571023379,-0.4814090101318216,-0.5609795934084252,-0.6058149357868108,-0.4002392626829114,-0.4257199015395872,-0.43656184219464944,-0.3759653721788475,-0.47930569019144925,-0.4275928726484875,-0.2892844586409879,1.4155639649550147,-0.3993904783506781,1.5777357908837564,-0.1712443893343657,-0.3257551311490605,-0.3240972715830674,-0.2569717931141484,-0.4043810920480307,0.10548813539139608,-0.44098959595110787,-0.306088781446093,0.8494708135233258,-0.42763091363841726,-0.350899070369376,-0.1548124018454042,-0.5366128010525525,-0.3700090381998686,-0.3345402596093987,0
0.4150100215620234,-0.10360511911031435,-0.4264439121407561,1.6059127610356534,-0.24718509466980088,-0.3698666543174812,-0.3752740487366429,-0.2804511958357405,-0.3544197585238241,-0.33344611452643996,-0.10207846291211994,-0.26009938008047423,-0.2251649793201403,1.2622162653449376,0.9936151336084748,-0.3077755377564951,-0.48472605623537085,0.4412836186693269,-0.5480471546061239,-0.13330071301028124,4.663282245630282,-0.4043810920480307,-0.238736306412107,-0.3715233306550659,0.23246202050365428,-0.3534842080074031,-0.6238167661955769,-0.350899070369376,-0.1548124018454042,0.9639668101382195,-0.3504804084322968,-0.2808190684387725,1
0.25589840552145965,-0.10360511911031435,-0.4264439121407561,1.134989694623847,0.45926445680435835,0.5092528655008609,0.6325341302421862,0.24327337549607628,0.39819286219812006,0.5854248698528876,0.5268470324411064,0.9008821882850602,0.3647807351721887,1.2622162653449376,1.0186612989897723,-0.21616059716231203,-0.48472605623537085,0.4412836186693269,-0.4369011428775922,-0.3577672525076767,-0.2569717931141484,-0.18445453321489122,-0.238736306412107,-0.3715233306550659,-0.4856057154293421,-0.5657703882775318,-0.42763091363841726,-0.350899070369376,-0.1548124018454042,-0.5366128010525525,-0.428594927502584,-0.3882614507800249,2
-0.2214364426002316,-0.3918398735582402,2.0745920050090834,-0.2777795046115725,-0.30951887862340316,-0.21697630304472607,-0.10287327891036617,-0.28880850282507803,-0.2672751392823358,-0.059792547430580524,-0.20351805893683386,-0.20326811449614735,-0.08164504833476892,0.27021636709022934,2.5756529957269056,0.3335290464027861,-0.48472605623537085,-0.1712443893343657,0.45226695095066105,0.1285769164033468,-0.2569717931141484,0.25539858445138774,0.6218247980966507,0.12962615469495126,0.681254355461777,0.28337433280298274,0.9456700542617006,0.39197993714432733,-0.0670988477972248,1.1140247712572966,0.14749965064078424,0.23848577954394734,2
1.104493691071133,0.4728643897855373,2.0745920050090834,1.6059127610356534,0.5461539738305918,0.22258345686444503,0.05173818398478475,1.1152190713836223,0.5249486720039211,0.773809517234922,-0.3759653721788475,-0.1464368489118205,-0.4275928726484875,0.9990270975339579,1.4285362256474798,1.5245232741271653,-0.48472605623537085,0.6454596213372245,1.5637270682359776,1.1386763441416263,-0.2569717931141484,0.1087808785626281,-0.238736306412107,1.5685702215415351,1.7583559593612714,0.5664225731631543,-0.03525920852409787,1.1348589446580306,-0.1548124018454042,0.8139088490191423,1.4168605855329517,1.4024449215741814,4
-0.5396596746813591,-0.3918398735582402,-0.4264439121407561,-0.748702571023379,-0.4851868152199187,-0.5737204560144881,-0.6467520949943809,-0.40581080067580305,-0.4415643777653124,-0.5119157011474632,-0.3759653721788475,-0.47930569019144925,-0.4275928726484875,-0.7217848194760351,-0.8431605569002235,-0.7658502407274101,-0.48472605623537085,-0.37542039200226324,-0.7703391780631872,-0.38021390645741626,-0.2569717931141484,-0.4776899449924105,-0.238736306412107,-0.5650364982654685,-0.7548811164042157,-0.5657703882775318,-0.6238167661955769,-0.350899070369376,-0.1548124018454042,-0.6866707621716297,-0.5164737614566571,-0.5494250242919034,0
-0.5396596746813591,-0.3918398735582402,-0.4264439121407561,-0.748702571023379,-0.4851868152199187,-0.5737204560144881,-0.6467520949943809,-0.40581080067580305,-0.4415643777653124,-0.5119157011474632,-0.3759653721788475,-0.47930569019144925,-0.4275928726484875,-1.6512101371357701,-0.8431605569002235,-0.21616059716231203,-0.48472605623537085,0.03293161333353183,-0.3257551311490605,-0.34280281654118366,1.3831128864673283,-0.257763386159271,-0.238736306412107,-0.46579897641398,-0.39584724843771757,-0.5657703882775318,-0.03525920852409787,-0.16517931849095016,-0.1548124018454042,-0.38655483993347534,-0.3700090381998686,-0.44198264195065107,1
-0.5396596746813591,-0.3918398735582402,-0.4264439121407561,-0.748702571023379,-0.4851868152199187,-0.5737204560144881,-0.6467520949943809,-0.40581080067580305,-0.4415643777653124,-0.5119157011474632,-0.3759653721788475,-0.47930569019144925,-0.4275928726484875,-0.7217848194760351,-0.8431605569002235,-0.7658502407274101,-0.48472605623537085,-0.5795963946701608,-0.6591931663346555,-0.38021390645741626,-0.2569717931141484,-0.4776899449924105,-0.238736306412107,-0.5501508699877453,-0.7548811164042157,-0.49500832818748886,-0.6238167661955769,-0.350899070369376,-0.1548124018454042,-0.6866707621716297,-0.5067094465728712,-0.5315179605683614,0
-0.38054805864079533,-0.3918398735582402,-0.4264439121407561,-0.2777795046115725,-0.4322975439865592,-0.4654231238629532,-0.36019198054138984,-0.32780926877531974,-0.29896409173378613,0.015561311522233261,-0.3759653721788475,-0.40623692015445756,-0.4275928726484875,0.2812571971266486,0.9008419091132607,-0.3993904783506781,-0.48472605623537085,-0.37542039200226324,-0.3257551311490605,-0.3240972715830674,1.3831128864673283,-0.257763386159271,-0.238736306412107,-0.1532007825817911,-0.306088781446093,-0.3534842080074031,-0.6238167661955769,0.02054043338747566,0.10832826029913402,-0.23649687881439813,-0.18448705540793645,-0.11965549492689395,1
-0.2214364426002316,-0.10360511911031435,-0.4264439121407561,0.19314356180023395,-0.08662837842567378,0.03147051777350107,0.5872126012834854,-0.16066312898856966,-0.10090813891222186,0.43538780129194005,0.039936971522479554,0.2919757713101296,0.406751014240515,0.5002701616763894,-0.7675372479663708,-0.5826203595390441,1.5777357908837564,-0.1712443893343657,-0.6591931663346555,-0.376472797465793,-0.2569717931141484,-0.4776899449924105,0.10548813539139608,-0.5253414895248731,-0.6651226494125911,0.8494708135233258,-0.6238167661955769,-0.350899070369376,-0.1548124018454042,-0.8367287232907069,-0.49694513168908533,-0.4957038331212773,0
0.20286120017460507,-0.10360511911031435,-0.4264439121407561,1.6059127610356534,-0.19996253106858702,-0.10230853959015969,-0.23464999439953446,0.09005608069155539,0.21598138560228095,0.3822859368878921,-0.46726100860109004,-0.33316815011746587,-0.5130623854021784,1.2622162653449376,0.2484947080348925,-0.21616059716231203,-0.48472605623537085,-0.37542039200226324,-0.10346310769199722,-0.30165061763332784,-0.2569717931141484,-0.4043810920480307,0.10548813539139608,-0.32686644582189606,-0.21633031445446846,-0.1411980277372745,-0.6238167661955769,0.02054043338747566,-0.1548124018454042,-0.23649687881439813,-0.2626015744782237,-0.2808190684387725,0
-0.5396596746813591,-0.3918398735582402,-0.4264439121407561,-0.748702571023379,-0.4851868152199187,-0.5737204560144881,-0.6467520949943809,-0.40581080067580305,-0.4415643777653124,-0.5119157011474632,-0.3759653721788475,-0.47930569019144925,-0.4275928726484875,-1.2923238986205592,-0.8431605569002235,-0.6742353001332272,-0.48472605623537085,-0.5795963946701608,-0.5480471546061239,-0.376472797465793,-0.2569717931141484,-0.4776899449924105,-0.238736306412107,-0.49060835687685217,-0.6651226494125911,-0.424246268097446,-0.6238167661955769,-0.350899070369376,-0.1548124018454042,-0.5366128010525525,-0.428594927502584,-0.5136108968448193,0
0.043749584134041314,-0.3918398735582402,-0.4264439121407561,0.19314356180023395,0.09092846071489029,0.012359223864406677,0.39373539943666724,-0.19130658794947383,-0.1959749962665727,-0.028394855020711613,0.3949755576089783,0.26761951463113237,0.474585317529361,0.5002701616763894,-0.5573276327041942,0.05868422462023701,1.5777357908837564,0.849635624005122,-0.4369011428775922,-0.03977298821969978,-0.2569717931141484,0.4020162903401474,-0.238736306412107,-0.1184676499337701,0.41197895448690336,0.4956605130731114,1.5342276119331797,-0.350899070369376,-0.1548124018454042,0.6638508879000651,-0.10637253633764922,0.07732220603206875,1
0.9984192803774237,1.049333898681389,2.0745920050090834,1.6059127610356534,0.32326347363286245,0.9105900375918432,-0.06271392572773986,0.7781410228136764,1.6657509602561311,0.5555998124793639,-0.3658214125763761,-0.04089306996949917,-0.42284456638439355,1.2622162653449376,0.6737884182349602,0.7916037493737011,3.6401976380028835,-0.1712443893343657,1.119143021321851,0.1921757692609422,-0.2569717931141484,-0.4043810920480307,2.859283669819421,-0.05396326073030255,0.7710128224534015,6.793483861086927,-0.6238167661955769,-0.350899070369376,-0.0670988477972248,0.2136770045428335,-0.09660822145386332,-0.15546962237397807,2
0.043749584134041314,0.18462963533761148,2.0745920050090834,1.134989694623847,-0.20374033615668413,0.02510008647046961,-0.13844767026174462,-0.3361665757646572,-0.39403094908813696,-0.3549287461752977,0.043318291389970016,0.2757382668574648,0.06306385853913155,1.133385109727443,1.4630780139871813,1.0664485711562501,-0.48472605623537085,3.7080996613556874,-0.7703391780631872,-0.275462854691965,-0.2569717931141484,0.4020162903401474,-0.238736306412107,-0.41618021548823575,-0.1265718474628439,-0.5657703882775318,0.7494842017045409,-0.350899070369376,-0.1548124018454042,0.3637349656619107,-0.4481235572701558,-0.40616851450356695,0
-0.38054805864079533,-0.3918398735582402,-0.4264439121407561,-0.748702571023379,-0.40774181091392797,-0.47816398646901614,-0.22714621311678687,-0.3250234997788739,-0.3306530441852364,0.03439977626043671,-0.33538953376896197,-0.41435567238078996,-0.2851436847256693,-1.2775997858450359,-0.5303529964350974,0.516758927591152,3.6401976380028835,0.03293161333353183,0.5634129626791927,-0.30165061763332784,-0.2569717931141484,-0.18445453321489122,-0.238736306412107,0.015503004565739437,-0.21633031445446846,2.1231878951440972,0.1609266440330618,-0.350899070369376,-0.1548124018454042,-0.08643891769532092,-0.11613685122143512,0.32802109816165764,1
-0.4866224693345045,-0.3918398735582402,-0.4264439121407561,-0.748702571023379,-0.4814090101318216,-0.5609795934084252,-0.6058149357868108,-0.4002392626829114,-0.4257199015395872,-0.43656184219464944,-0.3759653721788475,-0.47930569019144925,-0.4275928726484875,0.27021636709022934,0.6883238183737475,-0.4910054189448611,-0.48472605623537085,-0.5795963946701608,-0.3257551311490605,-0.17445291191813705,-0.2569717931141484,0.03547202561824827,-0.238736306412107,-0.2871714370813006,0.14270355351202973,-0.5657703882775318,0.7494842017045409,0.02054043338747566,-0.1548124018454042,0.5137929267809879,-0.27236588936200956,-0.31663319588585664,0
-0.4335852639876499,-0.3918398735582402,-0.4264439121407561,-0.748702571023379,-0.3076299760793546,-0.025863363953782113,0.6359441956041769,-0.3835246487042364,-0.3861087109752744,-0.3109718260937633,-0.08517186357466762,0.2107882490468055,0.93358983916053,0.27021636709022934,0.020971077514690555,0.4251439869969691,-0.48472605623537085,-0.37542039200226324,0.6745589744077244,0.5662866684232679,-0.2569717931141484,1.2817225256727054,-0.238736306412107,0.8937550729514131,1.2198051574115243,-0.21196008782731737,-0.23144506108125756,-0.350899070369376,-0.1548124018454042,0.0636190434237563,0.6650083394814371,0.7577906275266673,0
1.104493691071133,1.3375686531293147,2.0745920050090834,2.07683582744746,1.171380715910663,0.4582894150766092,0.47517987768012804,1.85901939343466,2.1806964375921987,1.4025470455654097,-0.15956090065945783,0.3488070368944564,-0.3326267473666087,1.2364500342214386,0.38300854697892334,1.5245232741271653,-0.48472605623537085,3.299747656019892,0.007682904036534425,0.1921757692609422,-0.2569717931141484,-0.18445453321489122,-0.238736306412107,0.7101656575261592,0.7710128224534015,-0.5657703882775318,-0.6238167661955769,0.39197993714432733,-0.1548124018454042,0.8139088490191423,0.7235942287841525,0.7398835638031251,0
-0.5396596746813591,-0.3918398735582402,-0.4264439121407561,-0.748702571023379,-0.4851868152199187,-0.5737204560144881,-0.6467520949943809,-0.40581080067580305,-0.4415643777653124,-0.5119157011474632,-0.3759653721788475,-0.47930569019144925,-0.4275928726484875,-1.5720704465514994,-0.8431605569002235,-0.8574651813215932,-0.48472605623537085,-0.5795963946701608,-0.7703391780631872,-0.38021390645741626,-0.2569717931141484,-0.4776899449924105,-0.238736306412107,-0.5650364982654685,-0.8446395833958403,-0.5657703882775318,-0.6238167661955769,-0.350899070369376,-0.1548124018454042,-0.8367287232907069,-0.5262380763404431,-0.5494250242919034,0
-0.5396596746813591,-0.3918398735582402,-0.4264439121407561,-0.748702571023379,-0.4851868152199187,-0.5737204560144881,-0.6467520949943809,-0.40581080067580305,-0.4415643777653124,-0.5119157011474632,-0.3759653721788475,-0.47930569019144925,-0.4275928726484875,-0.7217848194760351,-0.8431605569002235,-0.6742353001332272,-0.48472605623537085,-0.5795963946701608,-0.5480471546061239,-0.376472797465793,-0.2569717931141484,-0.4776899449924105,-0.238736306412107,-0.535265241710022,-0.6651226494125911,-0.424246268097446,-0.6238167661955769,-0.350899070369376,-0.1548124018454042,-0.5366128010525525,-0.4481235572701558,-0.5136108968448193,0
-0.4866224693345045,-0.3918398735582402,-0.4264439121407561,-0.748702571023379,-0.479520107587773,-0.5546091621053937,-0.5853463561830257,-0.4030250316793572,-0.4336421396524498,-0.4742387716710563,-0.3692027324438666,-0.46306818573878444,-0.38010981000754807,-1.4671658131552858,-0.47953898634958403,-0.8574651813215932,1.5777357908837564,-0.5795963946701608,-0.7703391780631872,-0.38021390645741626,-0.2569717931141484,0.7685605550620466,0.2776003562931476,-0.5650364982654685,-0.8446395833958403,-0.21196008782731737,-0.03525920852409787,-0.350899070369376,1.0731773548291075,-0.8367287232907069,-0.5262380763404431,-0.5494250242919034,0
-0.009287621212813263,-0.3918398735582402,-0.4264439121407561,-0.2777795046115725,0.9787126564177105,1.719634813076839,2.23745498839537,-0.23866466088905303,-0.2593529011694733,-0.10089430979639279,2.041678333076834,2.443445111288218,2.6588061990125733,0.5002701616763894,-0.7424012469847102,1.7993680959097145,-0.48472605623537085,4.728979674695175,-0.4369011428775922,-0.17445291191813705,1.3831128864673283,-0.037836827326131556,-0.238736306412107,0.080007393769207,0.14270355351202973,-0.5657703882775318,0.35711249659022154,-0.16517931849095016,-0.1548124018454042,0.6638508879000651,-0.13566548098900694,0.023601014861442563,1
-0.11536203190652243,0.18462963533761148,-0.4264439121407561,-0.748702571023379,0.24770737187092026,0.45191898377357775,1.1180938693190965,0.549707965105118,0.620015529358272,2.359902752789118,-0.22380597814177663,-0.26009938008047423,-0.1901775594437905,0.48554476058930973,0.016629023497129462,-0.12454565656812903,-0.48472605623537085,0.23710761600142938,-0.3257551311490605,-0.24553398275897897,-0.2569717931141484,-0.33107223910365086,-0.238736306412107,0.35787245495337494,-0.036813380471219355,-0.5657703882775318,-0.23144506108125756,0.02054043338747566,-0.1548124018454042,0.2136770045428335,-0.028258017267361997,0.27429990699103146,1
-0.5396596746813591,-0.3918398735582402,-0.4264439121407561,-0.748702571023379,-0.4851868152199187,-0.5737204560144881,-0.6467520949943809,-0.40581080067580305,-0.4415643777653124,-0.5119157011474632,-0.3759653721788475,-0.47930569019144925,-0.4275928726484875,-0.7217848194760351,-0.8431605569002235,-0.8574651813215932,-0.48472605623537085,-0.5795963946701608,-0.7703391780631872,-0.38021390645741626,1.3831128864673283,-0.4776899449924105,-0.238736306412107,-0.5650364982654685,-0.8446395833958403,-0.5657703882775318,-0.6238167661955769,-0.350899070369376,-0.1548124018454042,-0.8367287232907069,-0.5262380763404431,-0.5494250242919034,0
-0.06232482655966785,-0.3918398735582402,-0.4264439121407561,-0.2777795046115725,-0.4190752261782193,-0.5291274368932678,-0.5034720377678854,-0.34173811375754887,-0.40195318720099954,-0.33860182555599155,-0.33538953376896197,-0.42247442460712237,-0.37061319747936017,0.27021636709022934,0.1178977012667028,0.6083738681853351,-0.48472605623537085,-0.1712443893343657,0.785704986136256,1.247168504898701,-0.2569717931141484,0.9884871138951861,10.432221389496489,1.4345995670420255,1.848114426352896,1.4155672942436688,2.7113427272761377,0.02054043338747566,0.10832826029913402,3.214836226924378,1.6121468832086696,1.3666307941270974,1
0.14982399482775047,-0.10360511911031435,-0.4264439121407561,1.6059127610356534,-0.31329668371150027,-0.42083010474173294,-0.38066056014517496,-0.24980773687483637,-0.3623419966366867,-0.21050026533620808,-0.2576191768166813,-0.36564315902279554,-0.308885216046139,1.2622162653449376,0.9445259670499374,-0.3993904783506781,1.5777357908837564,0.23710761600142938,-0.4369011428775922,-0.30165061763332784,1.3831128864673283,-0.4043810920480307,-0.06662408551035545,-0.4261039676733846,-0.21633031445446846,0.4956605130731114,-0.6238167661955769,-0.350899070369376,-0.0670988477972248,0.2136770045428335,-0.3895376679674404,-0.3703543870564828,1
-0.5396596746813591,-0.3918398735582402,-0.4264439121407561,-0.748702571023379,-0.4851868152199187,-0.5737204560144881,-0.6467520949943809,-0.40581080067580305,-0.4415643777653124,-0.5119157011474632,-0.3759653721788475,-0.47930569019144925,-0.4275928726484875,-1.5720704465514994,-0.8431605569002235,-0.8574651813215932,-0.48472605623537085,-0.5795963946701608,-0.7703391780631872,-0.38021390645741626,-0.2569717931141484,-0.4776899449924105,-0.238736306412107,-0.5650364982654685,-0.8446395833958403,-0.5657703882775318,-0.6238167661955769,-0.350899070369376,-0.1548124018454042,-0.8367287232907069,-0.5262380763404431,-0.5494250242919034,0
0.043749584134041314,-0.10360511911031435,-0.4264439121407561,0.6640666282120404,1.764496114741909,2.7516446841679363,3.416260956356956,3.0569000619063686,3.852288679406201,7.293463070761847,-0.5517940052883517,-0.41435567238078996,-0.6333526524823494,1.2622162653449376,1.024102341851778,-0.21616059716231203,-0.48472605623537085,-0.37542039200226324,0.007682904036534425,-0.21186400183436965,-0.2569717931141484,0.18208973150700794,-0.238736306412107,-0.1879339152298121,0.052945086520405193,1.274043174063583,0.5532983491473812,0.20626018526590148,-0.1548124018454042,-0.08643891769532092,-0.24307294471065186,-0.15546962237397807,1
0.20286120017460507,-0.10360511911031435,-0.4264439121407561,-0.748702571023379,1.679495500259724,2.9300167606528174,2.4808468684639786,-0.052018138127182145,-0.0375302340093213,0.1260805558325567,3.069599572793935,3.9860080342913755,2.798088266657241,-0.19726036418341153,-0.8174484402134329,2.2574427988806294,-0.48472605623537085,3.299747656019892,1.2302890330503826,1.5950916411196638,-0.2569717931141484,0.5486339962289071,-0.06662408551035545,0.6853562770632872,2.1173898273277696,1.20328111397354,2.1227851696046587,-0.350899070369376,-0.1548124018454042,3.965126032519764,0.5868938204111499,0.5249987991206203,2
-0.2744736479470862,-0.10360511911031435,-0.4264439121407561,-0.748702571023379,0.10037297343513306,0.4073259646523575,1.4683358286353836,-0.3918819556935739,-0.4098754253138621,-0.4491208438047381,0.655337187405744,0.7709821526637417,1.9861278954971773,-0.19726036418341153,-0.8279809756164309,0.6999888087795182,-0.48472605623537085,-0.37542039200226324,1.119143021321851,-0.3577672525076767,-0.2569717931141484,-0.18445453321489122,-0.238736306412107,-0.08373451728574911,-0.4856057154293421,-0.3534842080074031,0.1609266440330618,-0.350899070369376,-0.1548124018454042,-0.23649687881439813,0.17679259529214197,-0.2808190684387725,0
-0.5396596746813591,-0.3918398735582402,-0.4264439121407561,-0.748702571023379,-0.4851868152199187,-0.5737204560144881,-0.6467520949943809,-0.40581080067580305,-0.4415643777653124,-0.5119157011474632,-0.3759653721788475,-0.47930569019144925,-0.4275928726484875,-1.2923238986205592,-0.8431605569002235,-0.8574651813215932,-0.48472605623537085,-0.5795963946701608,-0.7703391780631872,-0.38021390645741626,-0.2569717931141484,-0.4776899449924105,-0.238736306412107,-0.5650364982654685,-0.8446395833958403,-0.5657703882775318,-0.6238167661955769,-0.350899070369376,-0.1548124018454042,-0.8367287232907069,-0.5262380763404431,-0.5494250242919034,0
-0.11536203190652243,-0.10360511911031435,2.0745920050090834,1.6059127610356534,-0.4304086414425106,-0.5227570055902364,-0.5148435618525642,-0.32780926877531974,-0.3702642347495492,-0.27748155702077476,-0.37258405231135705,-0.4387119290597872,-0.4223169820753901,1.2622162653449376,1.4458026280373124,-0.6742353001332272,-0.48472605623537085,-0.1712443893343657,-0.7703391780631872,-0.38021390645741626,3.023197566048805,-0.4043810920480307,-0.238736306412107,-0.5650364982654685,-0.7548811164042157,0.28337433280298274,-0.42763091363841726,-0.350899070369376,-0.1548124018454042,-0.8367287232907069,-0.5164737614566571,-0.5494250242919034,0
-0.5396596746813591,-0.3918398735582402,-0.4264439121407561,-0.748702571023379,-0.4851868152199187,-0.5737204560144881,-0.6467520949943809,-0.40581080067580305,-0.4415643777653124,-0.5119157011474632,-0.3759653721788475,-0.47930569019144925,-0.4275928726484875,-0.2892844586409879,-0.8431605569002235,-0.4910054189448611,1.5777357908837564,-0.1712443893343657,-0.4369011428775922,-0.3577672525076767,-0.2569717931141484,-0.4043810920480307,-0.06662408551035545,-0.500532109062001,-0.4856057154293421,0.07108815253285412,-0.6238167661955769,-0.350899070369376,-0.0670988477972248,-0.38655483993347534,-0.4578878721539417,-0.47779676939773524,0
-0.4866224693345045,-0.3918398735582402,-0.4264439121407561,-0.748702571023379,-0.46629778977943315,-0.5100161429841734,-0.44206629895653016,-0.40581080067580305,-0.4415643777653124,-0.5119157011474632,-0.3421521735039429,-0.39811816792812516,-0.1901775594437905,-1.2923238986205592,-0.7490469852475884,-0.3077755377564951,-0.48472605623537085,-0.5795963946701608,-0.10346310769199722,-0.3689905794825465,-0.2569717931141484,-0.4776899449924105,-0.238736306412107,-0.49060835687685217,-0.5753641824209667,-0.424246268097446,-0.6238167661955769,-0.16517931849095016,-0.1548124018454042,-0.5366128010525525,-0.3895376679674404,-0.4957038331212773,0
-0.11536203190652243,-0.10360511911031435,-0.4264439121407561,0.19314356180023395,0.2382628591506775,0.5538458846220812,1.0953532773792911,0.042698007751976214,0.11299229013506754,0.8360819462735273,0.3746876384040355,0.9577134538693871,0.7436575885967722,0.5002701616763894,-0.7842307986778867,-0.3993904783506781,1.5777357908837564,-0.1712443893343657,-0.4369011428775922,-0.34280281654118366,-0.2569717931141484,-0.4043810920480307,0.10548813539139608,-0.4806846046917033,-0.39584724843771757,0.8494708135233258,-0.42763091363841726,-0.350899070369376,-0.1548124018454042,-0.6866707621716297,-0.428594927502584,-0.44198264195065107,0
0.25589840552145965,-0.10360511911031435,-0.4264439121407561,1.6059127610356534,-0.22262936159716967,-0.12141983349925409,-0.29111052437861523,0.17641491958137626,0.509104195778196,0.47239408142366685,-0.61265776290318,-0.454949433512452,-0.6353312717025973,1.2622162653449376,0.6256634871203227,0.15029916521442002,-0.48472605623537085,-0.37542039200226324,0.3411209392221294,0.0687191725373747,-0.2569717931141484,0.03547202561824827,-0.238736306412107,-0.019230128082281556,0.5914958884701524,0.28337433280298274,-0.6238167661955769,0.02054043338747566,-0.1548124018454042,-0.08643891769532092,-0.0477866470349338,0.005693951137900501,0
-0.5396596746813591,-0.3918398735582402,-0.4264439121407561,-0.748702571023379,-0.4851868152199187,-0.5737204560144881,-0.6467520949943809,-0.40581080067580305,-0.4415643777653124,-0.5119157011474632,-0.3759653721788475,-0.47930569019144925,-0.4275928726484875,-0.7217848194760351,-0.8431605569002235,-0.6742353001332272,-0.48472605623537085,-0.5795963946701608,-0.5480471546061239,-0.38021390645741626,-0.2569717931141484,-0.4776899449924105,-0.238736306412107,-0.5451889938951708,-0.7548811164042157,-0.49500832818748886,-0.6238167661955769,-0.350899070369376,-0.1548124018454042,-0.6866707621716297,-0.49694513168908533,-0.5315179605683614,0
-0.38054805864079533,-0.3918398735582402,-0.4264439121407561,-0.748702571023379,-0.4757423024996759,-0.5609795934084252,-0.5955806459849182,-0.3918819556935739,-0.4257199015395872,-0.417723377456446,-0.3759653721788475,-0.47930569019144925,-0.4275928726484875,-1.4671658131552858,-0.5111970519176227,1.6161382147213483,-0.48472605623537085,0.4412836186693269,2.1194571268786357,0.012602537663025827,-0.2569717931141484,1.428340231561465,-0.238736306412107,0.4422243485271402,0.501737421478528,0.28337433280298274,3.496086137504776,-0.350899070369376,-0.1548124018454042,1.1140247712572966,0.44042909715436135,0.4533705442264521,2
1.9000517712739515,0.7610991442334631,2.0745920050090834,2.07683582744746,0.8143781350854865,0.42643725856145187,-0.047501677366206835,1.1960063722805514,0.8339159584055613,0.4099634092812606,0.006123772847574914,-0.10584308778015844,-0.31343124446338255,1.2622162653449376,0.8630510665604185,1.4329083335329822,-0.48472605623537085,1.666339634676712,1.119143021321851,0.1921757692609422,-0.2569717931141484,-0.11114568027051139,-0.238736306412107,0.22390180045386537,0.7710128224534015,-0.21196008782731737,0.35711249659022154,-0.350899070369376,-0.1548124018454042,0.2136770045428335,0.18655691017592788,0.3817422893322838,1
-0.5396596746813591,-0.3918398735582402,-0.4264439121407561,-0.748702571023379,-0.4851868152199187,-0.5737204560144881,-0.6467520949943809,-0.40581080067580305,-0.4415643777653124,-0.5119157011474632,-0.3759653721788475,-0.47930569019144925,-0.4275928726484875,-0.7217848194760351,-0.8431605569002235,-0.4910054189448611,-0.48472605623537085,-0.5795963946701608,-0.3257551311490605,-0.376472797465793,-0.2569717931141484,-0.4776899449924105,-0.238736306412107,-0.5104558612471498,-0.6651226494125911,-0.424246268097446,-0.6238167661955769,-0.350899070369376,-0.1548124018454042,-0.5366128010525525,-0.4188306126187981,-0.5136108968448193,0
-0.5396596746813591,-0.3918398735582402,-0.4264439121407561,-0.748702571023379,-0.4851868152199187,-0.5737204560144881,-0.6467520949943809,-0.40581080067580305,-0.4415643777653124,-0.5119157011474632,-0.3759653721788475,-0.47930569019144925,-0.4275928726484875,-0.7217848194760351,-0.8431605569002235,-0.7658502407274101,-0.48472605623537085,-0.5795963946701608,-0.6591931663346555,-0.38021390645741626,-0.2569717931141484,-0.4776899449924105,-0.238736306412107,-0.5501508699877453,-0.7548811164042157,-0.49500832818748886,-0.6238167661955769,-0.350899070369376,-0.1548124018454042,-0.6866707621716297,-0.5067094465728712,-0.5315179605683614,0
-0.009287621212813263,-0.3918398735582402,2.0745920050090834,-0.2777795046115725,0.37237493977812486,0.7640701176221195,1.0428349958318994,-0.2999515788108614,-0.3306530441852364,-0.2516020277020204,1.0306636926971855,1.2256322773383566,1.3681310869190868,-0.19726036418341153,-0.6025814180312197,0.8832186899678842,-0.48472605623537085,-0.5795963946701608,1.3414350447789143,-0.08840740511080214,-0.2569717931141484,0.1087808785626281,-0.238736306412107,0.050236137213760426,0.3222204874952788,0.141850212622897,0.5532983491473812,0.20626018526590148,-0.1548124018454042,0.6638508879000651,0.30372868878135867,-0.012213112585641563,3
-0.32751085329394075,-0.3918398735582402,-0.4264439121407561,-0.748702571023379,1.3697154830357612,2.541420451167898,7.393305973372397,-0.39745349368646554,-0.4257199015395872,-0.46670338577577497,2.9343467780943167,3.4907641484850984,8.869590792447447,-0.19726036418341153,-0.8272208466565566,0.3335290464027861,-0.48472605623537085,0.849635624005122,-0.10346310769199722,0.4839822706075563,-0.2569717931141484,-0.11114568027051139,-0.238736306412107,0.8490981881182432,1.1300466904198998,-0.5657703882775318,-0.23144506108125756,0.20626018526590148,0.020614706250954608,1.7142566157336054,0.15726396552457014,0.9189542010385459,0
0.4150100215620234,0.18462963533761148,2.0745920050090834,1.6059127610356534,0.6991550798985247,2.3184553555617966,0.7041741588554339,1.3575809740744098,3.369032154521584,1.9985583929526904,-0.39625329138379034,-0.36564315902279554,-0.4425875015168071,1.2622162653449376,0.10143981928014023,0.6083738681853351,-0.48472605623537085,-0.37542039200226324,1.0079970095933193,0.25951573111016085,-0.2569717931141484,0.25539858445138774,-0.238736306412107,0.8689456924885409,0.8607712894450261,-0.07043596764723163,0.9456700542617006,0.9491391927796049,-0.1548124018454042,0.6638508879000651,0.8114730627382256,0.5966270540147887,0
0.09678678948089589,-0.3918398735582402,-0.4264439121407561,0.19314356180023395,0.29870774056023125,0.4582894150766092,0.6600889321048018,0.009268779794626205,0.5566376244553713,0.3517525532402119,0.523465712573616,0.8359321704744009,0.543981813579094,0.5002701616763894,-0.5894046316219271,-0.03293071597394601,1.5777357908837564,-0.1712443893343657,0.11882891576506607,-0.30165061763332784,-0.2569717931141484,-0.4043810920480307,-0.06662408551035545,-0.25243830443327964,-0.21633031445446846,-0.1411980277372745,-0.42763091363841726,-0.16517931849095016,-0.1548124018454042,-0.23649687881439813,-0.12590116610522104,-0.04802724003272569,2
-0.2744736479470862,-0.3918398735582402,2.0745920050090834,-0.2777795046115725,0.045594799657725,0.3117694951068855,1.270470163321514,-0.3946677246900197,-0.4177976634267247,-0.4616797700609677,0.560660231116011,0.6492008692687555,1.7645434353769693,-0.19726036418341153,-0.8235979865103041,-0.8574651813215932,1.5777357908837564,-0.5795963946701608,-0.7703391780631872,-0.38021390645741626,-0.2569717931141484,5.093782878780456,0.2776003562931476,-0.5650364982654685,-0.8446395833958403,-0.21196008782731737,-0.42763091363841726,-0.350899070369376,6.335990597719872,-0.8367287232907069,-0.5262380763404431,-0.5494250242919034,0
-0.11536203190652243,-0.3918398735582402,-0.4264439121407561,-0.748702571023379,-0.38885278547344243,-0.45268226125689026,-0.41477472302761936,-0.3612384967326697,-0.4098754253138621,-0.37795311777832996,-0.2576191768166813,-0.32504939789113346,-0.24293646517476467,-0.06474463751525658,1.027198675544301,0.3335290464027861,-0.48472605623537085,-0.37542039200226324,0.5634129626791927,-0.30165061763332784,-0.2569717931141484,0.1087808785626281,-0.238736306412107,-0.06884888900802583,-0.21633031445446846,-0.424246268097446,0.9456700542617006,0.02054043338747566,-0.1548124018454042,-0.08643891769532092,-0.08684390657007741,-0.012213112585641563,0
-0.38054805864079533,-0.3918398735582402,-0.4264439121407561,-0.2777795046115725,-0.4228530312663164,-0.4399413986508273,-0.30902053153192716,-0.3250234997788739,-0.29104185362092355,0.03439977626043671,-0.36244009270888566,-0.37376191124912794,-0.38010981000754807,0.2812571971266486,0.878104518661301,-0.3077755377564951,1.5777357908837564,-0.37542039200226324,-0.21460911942052888,-0.3577672525076767,-0.2569717931141484,-0.4776899449924105,0.2776003562931476,-0.13831515430406782,-0.4856057154293421,-0.07043596764723163,-0.6238167661955769,-0.350899070369376,-0.1548124018454042,-0.23649687881439813,-0.17472274052415054,-0.11965549492689395,1
0.25589840552145965,-0.3918398735582402,-0.4264439121407561,0.6640666282120404,0.7803778892926125,1.210000308834322,1.0674914468226189,-0.13559120802055716,-0.21181947249229785,-0.055082931246029664,1.5615309118931884,1.793944933181625,1.2728943081801547,0.5002701616763894,-0.49665865725882324,0.516758927591152,-0.48472605623537085,-0.37542039200226324,0.785704986136256,-0.08840740511080214,3.023197566048805,-0.18445453321489122,-0.238736306412107,0.4769574811751612,0.3222204874952788,0.141850212622897,-0.42763091363841726,-0.350899070369376,-0.1548124018454042,-0.5366128010525525,0.5185436162246485,0.6503482451854149,2
-0.5396596746813591,-0.3918398735582402,-0.4264439121407561,-0.748702571023379,-0.4851868152199187,-0.5737204560144881,-0.6467520949943809,-0.40581080067580305,-0.4415643777653124,-0.5119157011474632,-0.3759653721788475,-0.47930569019144925,-0.4275928726484875,-1.5720704465514994,-0.8431605569002235,-0.8574651813215932,-0.48472605623537085,-0.5795963946701608,-0.7703391780631872,-0.38021390645741626,-0.2569717931141484,-0.4776899449924105,-0.238736306412107,-0.5650364982654685,-0.8446395833958403,-0.5657703882775318,-0.6238167661955769,-0.350899070369376,-0.1548124018454042,-0.8367287232907069,-0.5262380763404431,-0.5494250242919034,0
0.46804722690887796,0.18462963533761148,-0.4264439121407561,1.6059127610356534,-0.18107350562810148,-0.25519889086291486,-0.3172079633734412,-0.06594698310941131,0.03376990900644183,-0.05225716153529917,-0.24409389734671944,-0.28445563675947144,-0.33500090049865566,1.2622162653449376,1.4286350448078795,0.7916037493737011,1.5777357908837564,-0.1712443893343657,1.119143021321851,-0.3240972715830674,-0.2569717931141484,0.03547202561824827,0.2776003562931476,-0.034115756360004836,-0.306088781446093,0.6371846332531971,0.7494842017045409,-0.350899070369376,-0.1548124018454042,0.0636190434237563,-0.07707959168629151,-0.137562558650436,0
-0.4335852639876499,-0.3918398735582402,-0.4264439121407561,-0.748702571023379,-0.479520107587773,-0.5609795934084252,-0.6058149357868108,-0.4030250316793572,-0.4336421396524498,-0.486797773281145,-0.3692027324438666,-0.47118693796511685,-0.3959374817268403,-1.4671658131552858,-0.47953898634958403,-0.6742353001332272,-0.48472605623537085,-0.1712443893343657,-0.7703391780631872,-0.3689905794825465,-0.2569717931141484,-0.33107223910365086,-0.238736306412107,-0.5154177373397243,-0.5753641824209667,0.28337433280298274,-0.23144506108125756,-0.350899070369376,-0.1548124018454042,-0.38655483993347534,-0.4871808168052994,-0.4957038331212773,0
-0.5396596746813591,-0.3918398735582402,-0.4264439121407561,-0.748702571023379,-0.4851868152199187,-0.5737204560144881,-0.6467520949943809,-0.40581080067580305,-0.4415643777653124,-0.5119157011474632,-0.3759653721788475,-0.47930569019144925,-0.4275928726484875,-1.2923238986205592,-0.8431605569002235,-0.6742353001332272,-0.48472605623537085,-0.5795963946701608,-0.5480471546061239,-0.376472797465793,-0.2569717931141484,-0.4776899449924105,-0.238736306412107,-0.49060835687685217,-0.6651226494125911,-0.424246268097446,-0.6238167661955769,-0.350899070369376,-0.1548124018454042,-0.5366128010525525,-0.428594927502584,-0.5136108968448193,0
